QD1_yrborn2,QD2_gender,QD14_ethnic,QD4_adulthh,QD5_childhh,QD3_marstat,QD16_disab,QD18_urbrur,QL2_Edntt,QO1_Labfor,QO4E_grader,Q1_income,weight
5,0,9,1,0,1,1,1,7,3,4,-2,0.8806286079217928
1,1,5,3,0,1,0,1,3,7,NA,7,1.8868368214269762
8,0,2,2,0,2,0,1,7,3,2,-2,1.5388313404736342
5,1,9,1,0,1,0,4,1,2,5,-2,0.7602264758087044
2,1,9,1,2,2,0,3,7,1,2,3,0.7967465732464195
5,1,9,5,2,1,1,1,1,3,4,-2,1.1046362842407533
6,1,9,2,0,2,0,1,7,3,6,-2,0.6688245169437932
8,1,9,1,0,-2,0,1,1,3,6,-2,0.6934529535327815
5,1,1,2,0,2,0,1,1,2,5,-2,0.8557020565646984
3,0,2,3,2,2,0,1,7,1,2,-2,1.2049404642582828
4,1,9,2,3,2,0,3,7,2,3,1,1.1700423616818356
4,1,9,2,-2,2,0,3,7,1,2,-2,1.1700423616818356
3,1,9,2,3,2,0,2,7,1,2,-2,0.9966430678760168
5,1,9,1,0,4,0,2,1,2,3,-2,0.7118425954361521
7,0,9,2,0,2,0,2,7,3,2,-2,0.9971468531058331
3,1,13,-2,-2,3,0,6,7,1,2,-2,0.8868659125357732
5,1,9,1,0,-2,0,-3,5,3,3,-2,0.6334353323991133
6,0,9,1,0,1,0,2,3,3,3,3,0.5664145518722038
6,0,9,2,0,2,0,3,7,3,2,1,0.8317375439699505
7,0,9,1,0,1,0,5,1,3,-2,-2,0.6882396385707032
7,0,9,2,0,2,0,4,7,3,-2,-2,1.0106286018878932
6,0,9,-2,-2,-2,-2,4,1,3,-2,-2,0.9473281777863757
4,0,9,4,0,2,0,2,1,1,4,-2,1.9492627891096452
1,1,9,2,0,3,0,3,7,1,2,5,1.2144347878774275
7,0,9,2,0,2,0,3,0,3,3,-2,0.8959051160515211
7,0,9,2,0,2,0,4,7,3,3,4,0.8959051160515211
1,1,9,3,0,1,0,3,1,9,NA,-2,1.567728768725005
4,0,9,2,2,2,0,4,7,1,2,-2,1.3743166058407161
2,0,1,4,1,1,0,6,7,9,NA,-2,1.4924435717525868
4,0,9,2,0,2,0,2,7,1,2,7,1.1957635698639533
7,0,9,2,0,2,1,2,1,3,2,-2,0.8003192067214968
4,1,9,2,0,2,0,2,1,1,4,1,1.045208201130423
7,0,9,2,0,2,0,2,7,3,1,6,0.8003192067214968
4,1,9,2,1,2,0,2,7,2,2,5,1.045208201130423
3,0,12,2,2,2,0,2,7,1,2,4,0.915137340504526
5,1,9,2,0,2,0,2,5,1,3,-2,0.8389575596227938
4,1,9,3,0,2,0,3,7,1,2,9,1.3492720914915515
6,0,9,2,0,2,0,4,5,3,2,5,0.7556964879339689
1,1,9,3,0,1,0,3,7,7,NA,9,1.41074150870165
5,0,9,3,0,2,0,3,7,1,3,4,1.248114773453078
6,0,9,2,0,2,0,3,7,3,2,4,0.7556964879339689
4,1,9,1,0,1,0,3,7,1,2,6,0.7170116290722195
4,1,9,2,0,3,1,4,7,2,2,-2,1.4647330855975886
5,1,9,2,0,3,1,4,1,11,NA,-2,1.1756977161705042
5,0,9,2,0,2,0,4,1,1,4,-2,1.3450492415276356
5,0,9,2,0,2,0,4,7,1,3,8,1.3450492415276356
5,0,9,2,1,2,0,5,1,1,1,-2,1.221188487965092
5,1,9,2,0,2,0,3,3,2,2,-2,1.2178852600297705
6,1,9,1,0,-2,1,2,4,3,-2,-2,0.6482523201293573
3,1,13,2,2,2,0,3,7,4,-2,-2,1.0177566939473202
1,1,9,4,0,1,0,3,7,1,3,-2,1.7818549647050836
2,1,5,2,0,2,0,3,7,9,3,4,1.1187097062398017
2,1,9,2,2,2,0,4,7,2,2,6,1.1187097062398017
3,1,9,2,1,2,0,3,7,1,3,7,1.0177566939473202
4,1,9,2,0,2,0,3,1,1,4,-2,1.1588227281598764
3,0,9,2,1,2,0,3,1,1,5,-2,1.0146131157576908
3,1,9,2,3,2,0,3,5,2,5,-2,0.8868659125357732
6,0,9,2,0,2,0,3,3,3,2,-2,0.8317375439699505
5,0,9,1,0,-2,0,3,5,1,2,-2,0.7246775269542776
5,0,9,4,0,2,0,3,1,1,4,-2,1.3737048310262654
-2,0,9,2,0,2,0,3,8,-2,NA,-2,1.3257435224535061
1,1,9,4,0,1,0,3,1,9,NA,-2,1.552695687169186
4,0,9,3,1,2,0,3,7,1,2,-2,1.7114185799418637
6,1,9,2,0,4,0,4,7,3,3,1,0.8343145183477828
3,0,13,2,2,2,0,4,7,1,2,7,1.0244365227799628
4,1,9,2,-2,2,0,4,7,2,3,-2,1.1700423616818356
5,0,9,2,0,2,0,3,6,1,1,4,1.3450492415276356
3,0,9,2,1,2,0,3,5,1,3,5,1.2824544804117026
5,1,10,2,0,2,0,2,1,3,5,3,1.1016849374411144
4,0,9,2,0,2,0,2,4,1,4,6,1.570228074769638
4,1,10,3,0,2,0,3,5,1,3,7,1.7718092204500173
2,0,9,4,0,1,0,4,7,1,3,9,1.7051942663108584
7,0,10,3,0,2,0,4,1,3,3,3,1.3566798923303212
3,0,10,1,0,1,0,4,4,1,4,4,0.647928206223934
5,1,10,2,0,2,1,4,5,5,NA,5,0.8722329827875734
7,0,9,2,0,2,0,4,4,3,2,7,0.8320621238274969
5,1,9,2,0,2,0,2,7,1,2,7,0.8722329827875734
4,1,10,2,2,2,0,2,7,2,2,-2,1.0866641064846214
7,0,9,2,0,5,1,2,5,3,3,2,0.8320621238274969
6,1,9,2,0,2,0,3,1,3,3,-2,0.7452345150135459
6,1,9,2,0,5,1,3,1,3,2,1,0.7452345150135459
4,0,9,1,0,1,1,2,7,1,-2,2,0.9425945431150556
6,1,9,1,0,5,0,2,7,3,3,2,0.5169031796188857
8,1,9,1,0,4,0,2,1,3,3,-2,0.7869840392842783
6,1,9,2,0,2,1,2,3,3,-2,-2,0.759033784823155
4,0,9,2,2,2,0,2,3,1,3,7,1.384129817390144
2,1,12,2,0,3,0,2,7,1,2,3,1.0177678127034995
4,1,9,1,1,4,0,2,7,1,3,5,0.8160144147950577
6,0,9,2,0,2,0,2,5,3,3,4,0.8600407613500584
1,0,9,7,0,1,0,2,5,7,NA,-2,1.83679879321186
6,0,9,2,0,2,0,3,5,3,3,-2,0.7755472784860047
5,1,9,3,0,2,0,3,7,3,2,3,1.1196257773929017
8,0,9,1,0,4,1,3,1,3,4,-2,0.8041056170128803
7,0,9,2,0,2,1,2,5,3,4,3,1.1700910366632542
2,1,9,1,1,1,0,2,1,5,NA,-2,0.8754305845257339
6,0,9,3,1,2,0,2,7,3,5,-2,1.415876101922217
3,0,9,2,1,3,0,4,7,1,2,5,1.337958642560505
5,1,9,2,0,4,0,2,3,1,4,2,1.2265814845014906
6,1,9,1,0,4,0,4,6,2,3,-2,0.5830942678751251
6,0,12,2,0,3,1,4,1,3,2,4,0.9795648316931012
3,1,9,1,1,1,0,4,5,2,3,3,0.7113002126673321
6,1,9,2,0,2,1,3,7,3,-2,-2,0.6830266102903735
4,0,9,2,2,2,0,3,7,1,1,7,1.2455275592167339
5,0,9,2,0,2,0,3,3,1,4,4,0.999747954898622
5,1,9,4,0,-2,1,3,7,1,2,4,1.1280925829041077
8,1,9,1,0,5,1,3,1,2,3,-2,0.7081780171750913
8,0,12,1,0,5,0,4,1,3,5,-2,0.8923606952982431
5,1,9,3,0,2,0,4,1,1,3,-2,1.2425109538467032
6,0,10,1,0,5,0,4,1,3,3,-2,0.5861161824655016
4,0,9,2,2,2,0,4,7,1,3,-2,1.732741313211351
5,0,9,2,0,2,0,4,3,1,3,-2,1.3908199553133775
4,0,9,2,2,2,0,4,7,1,3,-2,1.732741313211351
5,1,9,2,0,2,0,4,7,3,3,-2,1.2157055627265705
8,1,9,1,0,5,0,4,3,3,3,-2,0.8879572429236375
5,0,9,2,0,2,0,4,1,4,6,-2,1.2535456002877299
8,1,9,1,0,1,0,4,1,3,5,-2,0.8879572429236375
5,1,9,3,0,-2,0,4,3,1,3,-2,1.4144720047565031
3,0,9,1,1,4,0,2,4,1,4,5,0.6491460165130688
6,0,9,2,0,2,1,2,4,3,2,-2,0.7814121023443622
5,0,9,2,0,2,0,4,4,3,2,4,1.1406612980182742
7,0,9,2,0,2,1,4,7,3,3,-2,0.9511246667666514
6,1,9,2,0,4,0,4,3,3,3,-2,0.7792984382287066
3,1,9,2,1,2,0,3,4,1,2,-2,0.9506441331748963
5,1,9,2,0,2,0,4,7,3,3,6,0.9970437078430299
8,1,9,1,0,1,0,3,1,3,3,-2,0.985196432135993
4,1,9,2,2,2,0,3,1,11,NA,-2,1.514576523862536
7,0,9,2,0,2,0,3,1,3,3,-2,1.1597160075721733
6,1,9,2,0,2,0,3,3,2,3,-2,0.9502065345042259
7,0,9,2,0,2,0,4,1,3,6,-2,1.2013300800168367
3,0,9,2,0,2,0,4,3,1,3,5,1.3736794084929058
5,1,9,2,0,1,0,4,4,3,2,-2,1.2593287075554436
3,1,9,2,2,2,0,4,7,2,2,7,1.2007231359658563
5,0,9,2,0,2,0,4,7,3,2,-2,1.2535456002877299
7,1,9,1,0,-2,0,4,1,3,5,-2,0.622194922740456
6,0,9,1,0,1,0,4,1,3,5,-2,0.6672334992826878
6,0,9,2,0,2,-2,4,1,4,5,-2,0.9797826523232942
1,0,9,3,0,1,0,2,1,1,4,5,1.668870675773779
5,1,9,2,0,2,0,2,1,2,5,3,0.8738723840217792
6,1,9,2,0,2,0,2,1,3,5,2,0.6830266102903735
3,0,9,2,2,3,0,2,1,1,4,-2,0.9532225322739845
5,0,9,1,0,1,1,2,0,3,4,1,0.6808299011683349
6,0,9,2,0,2,0,6,1,3,5,1,0.7757197328162129
8,0,9,1,0,5,0,3,4,3,3,1,0.8042844217091837
5,1,9,1,0,5,1,3,7,3,2,2,0.6142049769290961
6,0,9,2,0,2,0,3,1,3,3,2,0.8064869654022502
6,1,9,2,0,3,1,3,7,3,2,-2,0.7049443649124757
3,0,10,2,0,3,0,3,7,1,2,3,0.983810648824462
7,1,12,1,0,5,0,3,1,3,4,-2,0.5121463356590062
4,1,12,2,1,2,0,3,7,11,NA,-2,1.123642226142649
6,0,10,2,0,2,0,3,7,-2,NA,-2,0.8064869654022502
8,1,9,2,0,5,0,3,1,3,3,-2,1.0732763613072602
6,0,10,2,0,2,0,3,7,3,2,-2,0.8064869654022502
6,1,9,1,0,5,0,2,1,2,3,3,0.4229187386518191
2,0,9,4,0,2,0,1,7,2,2,5,1.229803358462453
6,1,7,2,0,4,1,1,7,3,6,4,0.621024639678569
4,0,9,1,0,1,0,1,7,1,4,3,0.7712099885480035
6,0,2,2,0,2,0,1,6,3,3,-2,0.710479155552338
2,0,9,2,0,3,0,1,7,1,3,-2,0.9526622273953272
1,0,-2,-2,0,1,0,1,7,2,5,-2,0.8004703671625943
2,0,13,1,0,1,0,1,7,1,3,4,0.64876444802544
5,0,9,4,0,2,0,1,0,1,3,2,1.1734334411156129
2,1,12,3,0,3,0,1,7,2,5,-2,1.0749621316770324
6,1,9,1,0,2,0,1,1,3,5,1,0.4229187386518191
2,1,9,2,0,3,0,1,7,2,3,6,0.8327150935816345
3,0,13,2,0,2,0,1,3,1,5,4,0.8666934358344822
1,1,6,3,0,1,0,1,7,8,NA,-2,1.3263293555131086
3,0,2,2,2,2,0,1,8,1,3,-2,0.8666934358344822
2,1,6,3,0,1,0,1,1,1,4,3,1.0749621316770324
2,1,6,3,0,1,0,1,7,7,NA,4,1.0749621316770324
3,0,12,2,1,2,0,1,3,1,3,4,0.8666934358344822
2,1,9,3,0,3,0,1,7,1,3,6,1.0749621316770324
1,0,13,3,0,1,0,1,3,7,NA,4,1.5173783780575307
1,1,9,4,0,1,0,1,7,1,2,3,1.3263293555131086
3,0,12,2,1,2,0,1,7,1,2,5,0.8666934358344822
3,1,12,2,0,1,0,1,5,1,2,3,0.7575704008972021
6,0,9,1,0,5,0,1,7,2,2,6,0.48383740210392423
5,1,9,1,0,2,1,1,1,5,NA,1,0.5410872736510686
2,1,5,2,0,1,0,1,7,1,2,5,0.8327150935816345
4,0,13,1,0,2,1,1,0,5,NA,2,0.7712099885480035
4,1,9,2,0,3,0,3,2,1,2,-2,0.9776305169064534
2,0,9,2,0,3,0,1,5,1,3,4,0.9408744083496737
2,0,9,2,0,3,0,1,5,1,2,-2,0.9408744083496737
5,0,9,1,0,4,1,1,1,5,NA,1,0.6113677683831708
5,0,12,2,2,2,0,1,7,1,2,9,0.8977479912135736
3,0,5,2,2,2,0,1,7,1,3,4,1.0227067783850254
2,0,1,2,0,1,0,1,7,1,4,3,1.12415079794679
2,0,6,3,0,1,0,1,3,1,5,4,1.4511800583435095
2,0,9,3,0,1,0,1,1,2,3,4,1.4511800583435095
6,0,9,2,0,2,0,1,3,3,6,-2,0.838372391253937
2,1,9,2,1,2,0,1,3,2,2,-2,0.9826120003429898
7,1,9,1,0,2,0,1,1,3,3,-2,0.5323946530049959
6,1,9,1,0,1,0,1,0,3,4,2,0.4990482710980891
2,1,9,2,0,1,0,1,1,4,4,2,0.9826120003429898
5,1,9,1,0,1,1,1,0,3,3,2,0.6384883046079779
2,0,7,2,0,1,0,1,7,1,3,-2,1.12415079794679
7,0,9,1,0,2,0,1,0,3,4,-2,0.6090826020741261
2,0,13,6,0,1,0,1,3,1,4,3,1.4511800583435095
1,1,9,4,0,1,0,4,5,2,5,-2,1.717723281674169
2,1,9,2,1,2,0,3,5,1,3,5,1.078445634412803
2,1,9,2,5,2,1,4,3,4,5,2,1.078445634412803
3,0,9,1,0,1,0,3,7,1,3,4,0.6826845684652703
3,0,9,2,0,3,0,3,7,1,2,-2,1.0024713955611804
2,1,7,1,3,1,0,3,5,2,3,2,0.6559202144746152
1,1,9,1,0,1,0,3,3,7,NA,1,0.8092994252503716
2,1,9,1,0,1,0,3,7,8,NA,-2,0.6559202144746152
7,1,12,2,0,5,1,3,5,3,3,-2,0.8504206174812271
7,1,12,1,0,5,0,3,6,3,3,2,0.5791377537851232
8,1,9,2,0,2,1,3,1,3,5,-2,1.0938772634897311
6,1,12,1,0,5,0,3,1,3,3,1,0.492873269564928
2,0,9,2,0,3,0,3,3,1,3,4,1.1102410555374014
7,0,9,2,0,2,0,3,4,3,4,5,0.8833255808125
2,1,9,2,0,3,0,2,7,1,2,4,0.9704535961163426
2,1,9,2,1,2,0,2,3,2,3,4,0.9704535961163426
3,0,9,2,1,2,0,2,1,1,5,7,1.2757593234146083
4,1,9,4,0,2,0,2,3,1,3,-2,1.8809706197700073
3,0,9,2,0,3,0,2,1,1,2,3,1.2757593234146083
5,1,9,3,0,2,0,3,3,1,3,8,1.3165876314428449
6,1,9,2,0,2,0,3,1,3,5,-2,0.7971547731832568
5,1,9,2,0,4,0,3,3,1,3,-2,1.0198893155566
2,0,7,2,3,3,0,3,1,-2,NA,-2,1.2228488103026627
4,1,9,2,1,2,0,3,3,1,3,6,1.2696946175914403
2,0,9,1,0,1,0,3,4,1,4,4,0.832155104573264
5,1,9,2,0,4,0,3,4,1,5,4,1.0191461344147954
2,1,11,2,2,1,0,3,7,2,3,3,1.0948707156673179
2,0,11,2,1,2,0,3,3,1,3,1,1.252579643070069
4,1,11,2,2,2,0,3,7,2,2,-2,1.301512798152321
6,0,9,2,0,2,1,3,7,3,3,-2,0.6908845852229163
6,0,10,1,0,1,0,3,4,3,4,-2,0.47049346945024983
7,0,9,2,0,2,0,4,4,3,4,-2,0.7370494605800535
5,0,9,1,0,5,1,4,5,3,3,2,0.6790371879303808
7,1,9,2,0,2,0,4,1,3,4,2,0.7267477431610958
5,1,9,1,0,5,0,4,7,1,4,4,0.593541445469963
4,1,9,1,0,1,1,4,1,5,NA,2,0.7394586047891852
6,1,9,2,0,2,0,4,1,3,6,3,0.6812281128330183
6,0,9,1,0,5,0,4,1,3,4,2,0.5307416474230129
6,0,9,2,0,2,0,4,5,3,4,2,0.7793545431540764
3,0,9,2,1,2,0,5,7,1,3,-2,0.9509239788940572
7,1,9,1,0,5,0,4,1,3,3,-2,0.49502638730613086
5,1,9,2,0,2,0,4,1,2,5,-2,0.8717651716407149
5,1,9,2,0,3,1,5,5,3,3,-2,0.8717651716407149
6,0,9,1,0,5,1,3,7,1,2,2,0.6101283499734126
-2,0,9,2,0,-2,0,3,1,3,4,-2,0.8959279976758446
3,1,9,2,2,2,0,4,7,2,2,9,1.0356170048960593
4,0,9,2,0,1,0,4,1,1,4,-2,1.5481061077857907
7,1,9,1,0,5,0,4,1,3,6,-2,0.616771408409333
6,1,9,2,0,2,0,4,5,1,4,3,0.8489556568589381
7,1,9,1,0,5,1,4,1,3,3,2,0.616771408409333
6,1,9,1,0,5,0,4,7,3,3,-2,0.3700731760170462
1,1,9,3,1,1,0,3,5,9,NA,-2,1.1605986497644316
1,0,4,2,1,1,0,4,5,2,5,-2,1.0285557623054797
4,0,9,2,2,2,0,4,7,1,2,7,0.9909579544841135
6,1,9,1,0,5,0,4,1,3,3,2,0.3700731760170462
6,1,9,2,0,2,0,4,1,3,4,-2,0.7831241178385224
3,1,9,2,1,2,0,4,5,1,3,-2,0.9553109715747576
6,1,9,2,0,2,0,4,1,3,6,-2,0.7831241178385224
7,1,9,3,0,2,0,4,1,2,3,-2,1.0784957985380663
6,0,9,2,0,2,0,4,5,3,3,-2,0.7795278440855123
5,1,9,2,0,2,0,4,1,3,5,-2,0.8717651716407149
7,1,9,1,0,5,1,5,1,3,5,2,0.49502638730613086
8,0,9,1,0,5,0,4,1,3,4,2,0.8082327608327914
5,0,9,3,-2,2,0,4,8,1,3,-2,1.4284647528620882
4,1,9,3,0,2,0,4,7,1,2,-2,1.5555709936319788
6,1,9,3,0,2,0,4,7,3,2,-2,0.9759254152869015
2,1,9,2,2,2,0,4,3,2,4,-2,1.0136954672322342
6,0,9,2,0,2,0,4,1,3,4,-2,0.8642628157555383
7,0,9,3,0,2,0,5,1,3,4,-2,1.190237657598516
4,1,9,2,1,2,0,4,7,1,3,-2,1.2041387349434747
4,0,9,1,1,1,0,4,1,1,4,-2,0.9381388757607171
3,0,10,2,1,3,0,5,1,1,5,3,0.9886403060578085
4,1,10,2,3,2,0,5,1,1,3,-2,1.129158335174065
5,1,10,2,0,2,0,5,5,2,3,-2,0.9063418372347457
6,1,9,2,0,2,0,3,1,3,5,2,0.6130947211431984
6,1,9,2,0,2,0,3,1,3,6,2,0.6130947211431984
4,1,9,2,0,2,0,3,3,2,3,4,0.9772389873450269
5,1,9,1,0,1,1,3,7,5,NA,1,0.5341780824106062
7,1,12,2,0,2,1,2,7,3,2,2,0.8710404431115546
5,0,9,-2,-2,2,0,-3,5,3,3,-2,1.2990674549258288
2,1,9,1,2,-2,0,3,7,1,2,-2,0.8104281243924987
6,0,9,1,0,-2,1,1,6,3,4,1,0.6914637357870832
1,0,3,5,0,1,0,2,1,2,4,-2,1.9554787689573851
2,0,1,2,1,2,0,2,7,1,3,5,1.2277166899162064
1,1,8,1,0,1,0,1,7,2,5,2,0.901699780067416
4,1,9,2,-2,2,0,3,1,1,3,-2,1.2759622171430398
8,0,9,1,0,1,0,3,1,3,5,-2,0.9495370898640144
5,0,9,3,1,2,0,3,3,3,3,-2,1.5125656576305557
3,1,9,2,2,2,0,2,3,1,3,-2,0.9765146718037182
2,0,9,1,0,1,0,3,3,4,3,-2,0.8362628757554226
3,0,13,2,2,2,0,2,7,1,2,-2,1.2395157755216293
3,1,9,2,2,2,0,2,3,2,3,5,1.0834516844773447
3,1,9,2,4,3,0,2,6,1,2,8,1.0834516844773447
3,0,9,1,1,4,0,2,5,2,3,1,0.8441121572792397
4,0,9,3,1,2,0,2,7,1,2,5,2.1658008941600237
3,0,9,2,1,2,0,2,1,1,4,-2,1.2839933018660685
4,0,9,2,2,2,0,4,1,1,4,-2,1.843763573073965
3,0,9,2,2,2,0,4,3,1,3,-2,1.4110622996935769
6,1,9,1,0,5,0,4,8,3,2,-2,0.6885533722439664
6,0,9,1,0,4,1,4,1,3,4,-2,0.7877349580168198
2,1,9,1,1,1,0,4,1,2,5,2,0.7363352679778169
8,0,9,1,0,1,0,3,7,3,-2,-2,0.9565049621090153
8,1,9,1,0,1,0,2,1,3,-2,2,0.8360739999229381
2,1,9,2,0,3,0,3,7,1,4,9,1.081253448206792
6,1,9,2,0,2,1,4,1,3,-2,-2,0.8063802833039478
5,0,9,-2,-2,2,0,3,8,1,3,-2,1.1803010702042271
2,0,9,2,0,1,1,3,3,4,-2,-2,1.2370008977705367
5,0,9,2,0,2,1,3,1,5,NA,2,1.1803010702042271
3,1,9,2,2,2,0,3,1,1,3,3,0.9836805103487635
6,0,10,2,0,2,0,3,5,6,NA,4,0.9521374099400496
5,1,10,3,0,2,0,3,5,3,4,2,1.3745617028920178
4,1,9,4,0,2,0,3,1,1,3,9,1.712486106530223
6,1,10,2,0,2,1,3,5,3,3,-2,0.8322563544778716
5,1,10,2,0,2,1,3,6,11,NA,5,1.0647986969287535
6,1,9,2,0,2,0,3,7,3,3,4,0.8322563544778716
5,1,9,2,2,2,0,4,7,2,2,1,1.1639608092243445
7,0,9,1,0,5,0,4,1,3,4,-2,0.756153039783384
7,1,9,1,0,5,1,3,4,3,3,3,0.6609478482282338
6,1,9,2,0,2,0,1,1,3,6,-2,0.5714991608326524
5,1,9,2,0,2,0,1,5,2,3,-2,0.7311828362455158
5,0,1,3,0,2,0,1,7,1,3,-2,1.0798544599416275
4,0,9,3,2,2,0,1,1,1,3,4,1.3453275730249306
6,0,9,1,0,1,1,1,0,3,4,2,0.44525233237921324
6,1,9,1,0,2,0,1,0,3,3,2,0.3891918110769595
5,1,7,2,0,1,1,1,5,5,NA,3,0.7311828362455158
8,1,9,1,0,2,1,1,0,3,5,2,0.5925437405193295
2,0,4,2,0,1,0,1,7,1,3,-2,0.8766893110637126
3,0,2,4,3,2,0,1,7,1,2,-2,1.0296011087087373
5,0,9,1,0,1,1,3,0,5,NA,1,0.6252198923580273
6,0,9,1,0,5,0,3,3,3,3,3,0.4886775592999773
-2,0,12,2,-2,2,0,3,7,1,-2,-2,1.1437931929342562
6,0,9,1,0,5,1,3,0,3,6,1,0.4886775592999773
5,1,9,1,0,-2,0,3,7,3,3,4,0.5465001405560798
2,0,9,1,0,1,0,2,7,1,3,3,0.6552544835167
5,1,9,2,0,2,0,3,1,1,3,5,0.8024947155452006
5,1,9,2,0,2,0,2,8,1,4,3,0.8024947155452006
4,1,9,2,1,2,0,2,1,2,3,4,0.9997812743099813
6,0,9,2,0,2,0,2,1,3,4,3,0.7175865655674355
7,0,9,1,0,5,1,2,1,3,5,1,0.4656055921610233
3,1,9,2,2,1,0,2,1,11,NA,1,0.6833616747148124
4,1,9,2,2,2,0,2,7,11,NA,9,0.8929140572656505
1,1,13,4,0,3,0,2,1,1,3,2,1.1964071570555506
6,0,9,2,0,2,1,2,3,3,3,2,0.798677418921494
3,1,9,2,0,2,0,2,7,2,4,7,0.8516145304354779
5,0,9,2,0,2,0,2,1,1,4,3,1.02183740665766
2,0,9,2,0,1,0,2,7,1,3,6,1.070924886302385
2,0,9,4,2,2,1,3,8,-2,NA,-2,1.230195267448457
8,0,12,2,0,2,0,3,1,3,4,2,1.082047781752934
4,1,9,3,0,2,0,3,1,1,4,-2,1.2782539566795583
6,0,9,2,0,2,0,3,1,3,4,-2,0.7107055683064687
5,0,9,2,0,2,0,2,7,2,3,-2,0.8201360713794611
8,1,9,1,0,5,0,2,1,3,6,-2,0.5809487621329237
5,1,9,2,0,2,0,2,5,1,3,-2,0.7168749487377565
5,1,9,2,0,2,0,2,5,1,4,-2,0.7168749487377565
2,0,12,2,-2,3,0,2,1,1,5,-2,0.8595341326047052
5,0,9,3,0,1,0,4,1,1,4,2,1.0664928207337445
7,0,9,2,0,2,0,2,1,3,3,-2,0.7587477712400732
5,1,9,2,0,3,0,2,0,2,5,-2,0.7953791102133595
6,0,9,2,0,2,0,2,1,3,4,3,0.71122382860095
6,1,13,1,0,1,0,2,7,3,2,-2,0.4854911418130068
5,1,9,4,0,4,0,3,1,1,5,-2,1.0636080335669915
5,1,2,3,0,2,0,-3,0,4,6,-2,1.0636080335669915
8,1,9,1,0,5,0,3,0,3,-2,-2,0.6676968182202797
4,0,9,2,0,3,0,2,7,1,5,3,1.174330137515508
3,1,13,2,2,2,0,2,7,1,1,-2,0.7855768113417093
1,1,9,2,0,3,0,2,3,1,4,2,1.0654186890357733
7,0,9,2,0,2,1,3,7,3,2,2,0.7859739063571626
5,1,9,1,0,4,0,2,4,1,3,3,0.5610905792900218
7,0,9,1,0,5,0,4,1,3,5,-2,0.5163318846953282
6,1,9,1,0,5,1,3,5,3,3,1,0.4230535127625635
3,0,9,2,2,2,0,3,3,1,3,8,0.8669696303523103
3,0,9,2,1,2,0,3,1,1,4,-2,0.8676018414337612
6,0,9,2,0,2,0,3,1,3,4,-2,0.71122382860095
2,0,9,2,1,2,0,3,7,1,3,-2,0.9536607392863905
8,1,9,1,0,5,0,3,1,3,3,-2,0.6445678012858994
6,0,9,2,0,2,0,3,1,2,3,-2,0.71122382860095
2,0,9,2,4,2,1,3,1,5,NA,3,0.8658415471229363
5,0,9,2,0,2,0,3,1,3,4,5,0.8261543759089954
4,1,6,2,2,2,0,3,7,1,2,6,0.8996664291864671
6,1,10,2,0,5,1,1,1,3,5,2,0.5825396981220997
5,1,10,2,0,2,1,2,1,5,NA,2,0.7453082312105952
2,1,10,2,3,3,0,2,7,1,2,5,0.7811116793817312
3,1,10,3,0,1,1,1,1,2,5,-2,0.9173528648831991
6,1,10,2,0,2,0,2,1,3,5,2,0.5825396981220997
2,0,10,2,2,3,0,2,1,1,5,2,0.8936256806918971
6,1,11,1,0,5,0,2,1,3,5,-2,0.4336551116584682
6,0,11,2,0,2,1,2,4,3,4,-2,0.7285156446702599
5,1,11,2,0,2,0,3,1,1,3,-2,0.8147169736623894
7,0,9,1,0,5,0,3,4,3,2,2,1.7588834816898689
3,0,9,2,0,3,0,2,7,1,3,-2,2.9533302264555017
-2,0,9,2,0,2,0,3,7,3,2,-2,2.582789270428414
6,0,9,2,0,2,1,3,1,3,4,1,2.4210170270171756
2,1,9,1,3,1,0,3,3,2,3,2,1.946986281048855
2,1,9,1,0,1,0,3,7,1,3,4,1.946986281048855
6,1,9,1,0,1,0,3,1,3,-2,-2,1.4520289868253067
5,1,9,2,0,1,1,3,1,1,2,7,2.7279573790613196
2,0,9,1,0,4,0,2,5,1,4,3,0.6721274603400196
3,0,9,-2,-2,2,0,1,1,1,3,-2,0.8979044084394004
7,1,5,1,0,1,1,2,5,3,5,-2,0.4629435879243834
6,1,9,2,0,2,1,1,1,3,4,-2,0.6372191907996879
6,0,12,2,0,2,-2,2,1,3,5,-2,0.7290064252771538
3,0,9,2,0,2,0,1,0,1,3,5,0.8892943283855798
2,1,6,1,4,4,0,2,5,4,5,-2,0.5818681003652939
3,1,13,2,2,2,0,2,6,11,NA,-2,0.777325675972159
3,1,9,1,0,1,0,3,1,1,4,3,0.5344852088614515
5,0,2,4,0,2,0,3,1,2,5,-2,1.2156905962642395
2,0,9,2,1,3,0,3,5,1,3,4,0.8814713564929697
2,0,9,2,1,3,0,3,3,1,5,2,0.8814713564929697
2,1,9,1,2,1,0,3,1,11,NA,1,0.524703295420259
2,1,9,2,2,2,0,3,6,2,5,2,0.770487673389174
2,0,9,1,0,1,0,3,4,1,3,2,0.6002833550028943
-2,1,-2,2,1,-2,-2,3,7,8,NA,-2,0.957846169160937
6,1,9,2,0,4,0,3,1,3,3,3,0.5789618468261021
6,0,9,1,0,4,1,3,1,5,NA,4,0.45106647625224344
4,0,10,1,0,1,0,3,5,4,3,-2,0.7189749499981033
3,0,9,3,1,3,0,3,5,1,4,4,1.0430457299774833
7,0,9,1,0,4,1,2,1,3,4,1,0.5490322591983059
2,1,12,2,0,3,0,2,1,1,5,3,0.8857348488145169
2,1,9,3,5,3,0,3,7,1,3,6,1.1434059842569009
3,0,12,1,0,4,0,2,8,1,5,2,0.6277994046802552
4,0,9,1,0,1,0,3,7,1,2,5,0.791897991753719
3,1,9,2,2,2,0,3,7,1,2,3,0.7778925169421782
2,0,9,2,0,3,0,3,7,1,2,7,0.9782177563783296
5,0,12,2,0,3,0,3,1,1,4,3,0.933379649786071
2,1,9,4,1,1,0,1,3,11,NA,-2,0.99485316245775135
6,1,9,1,0,5,0,3,7,3,2,4,0.3914017361281484
3,1,9,2,2,2,0,3,7,2,3,6,0.7011142875713934
8,1,9,2,2,2,1,1,7,3,2,-2,0.8750469832647153
7,0,9,2,0,2,0,3,7,3,2,5,0.701468688293052
4,0,9,1,0,1,1,1,4,4,3,1,0.7137374177349175
5,1,10,2,0,1,1,3,2,5,NA,3,0.7645001159329301
1,0,10,3,0,1,0,3,5,1,5,-2,1.4599978766171002
2,0,10,2,1,2,0,3,5,1,4,-2,0.9166367790946341
4,0,10,1,0,1,0,3,1,11,NA,2,0.7420462568785153
4,1,9,2,2,2,0,3,7,2,3,-2,1.0411450038464931
5,0,11,1,0,5,0,3,7,3,2,2,0.6510869766822395
1,1,11,1,2,1,0,3,5,2,4,-2,0.7359222431439547
2,1,6,6,3,2,0,1,7,1,2,3,2.0206969605491856
5,1,12,6,0,2,0,1,0,3,3,2,1.9280752256471305
4,1,12,3,0,1,0,1,0,2,5,2,2.402076261341335
2,1,6,1,1,1,0,1,8,11,NA,3,1.065988590140447
5,0,12,2,2,2,0,1,7,1,5,1,1.8573825738888534
1,1,7,-2,-2,1,0,1,5,1,4,-2,1.4296916624649914
2,1,7,1,1,1,0,1,5,4,4,-2,1.1587351141223068
3,0,2,2,2,2,0,1,6,4,6,1,1.7709452785661755
-2,0,5,1,0,-2,0,1,8,1,-2,-2,1.6356293456795656
6,0,9,1,0,4,0,3,7,1,2,9,0.9893629727977239
2,0,12,1,0,1,0,3,7,1,2,2,1.3266099730050571
5,0,9,1,0,1,1,1,0,5,NA,1,1.140614022944848
6,1,7,1,0,1,1,1,1,3,4,1,0.7792661399549319
6,1,6,1,0,1,0,1,1,5,NA,1,0.7792661399549319
2,0,1,1,0,1,0,1,7,8,NA,-2,1.1954073464902553
7,1,9,1,0,2,0,1,0,3,6,-2,0.4787696111264305
2,0,9,2,2,2,0,1,7,1,2,-2,1.0109215735782393
3,0,9,1,1,2,0,1,1,1,4,-2,0.6263140045829708
4,0,9,2,2,2,0,1,0,4,4,2,1.2017193876068144
1,0,5,2,0,1,0,1,5,7,NA,-2,1.2473136677536159
3,0,2,2,3,2,0,3,7,1,2,-2,1.0093928382450477
2,1,9,1,2,1,0,3,7,1,3,3,0.6604489363810737
5,0,2,1,0,5,1,3,0,3,5,1,0.720948994630849
3,1,1,2,4,2,1,3,5,9,NA,1,0.8823029060971241
6,0,2,2,0,2,1,3,0,5,NA,-2,0.8274581780424116
2,0,2,3,0,1,0,3,7,1,3,3,1.4322881092164819
2,0,12,4,0,1,0,3,5,2,4,1,1.4322881092164819
3,0,9,1,0,-2,0,2,7,1,4,-2,0.6873980816215711
-2,1,6,1,2,-2,0,1,1,11,NA,-2,0.5366244648149614
1,1,12,4,3,1,0,1,5,9,NA,-2,1.3795922803979168
2,1,9,1,3,1,0,1,1,11,NA,1,0.5898531554392408
3,0,6,1,0,4,0,1,1,1,4,2,0.6139216904627057
3,1,12,2,1,3,0,2,5,1,5,-2,0.8738424301468862
3,1,2,2,5,2,0,2,5,11,NA,-2,0.8738424301468862
5,0,5,2,0,2,0,2,5,1,3,-2,1.0485082754425517
1,1,2,3,1,1,0,2,1,4,5,-2,1.529894602302443
-2,1,-2,3,-2,-2,-2,2,8,-2,NA,-2,1.128053915079475
5,1,9,2,-2,-2,0,2,1,1,5,-2,0.9164934240055143
3,0,9,2,1,3,0,2,3,1,3,-2,0.9997136863650077
1,1,9,2,1,-2,0,2,1,11,NA,-2,1.1851267029647088
6,0,9,2,0,2,0,2,1,3,4,-2,0.8195236127510845
3,0,5,2,3,2,0,2,1,1,4,-2,0.9997136863650077
3,1,12,1,1,1,0,1,7,2,3,-2,0.54068251266263
-2,0,9,2,0,3,-2,1,7,1,2,-2,1.1868498459398849
3,0,9,3,3,2,0,2,8,1,4,4,1.1725556528130192
2,0,9,2,0,-2,0,4,1,1,3,-2,1.2518716001875896
4,1,9,2,0,2,0,4,1,1,4,-2,1.3007770949351365
5,1,9,2,0,2,0,4,1,11,NA,-2,1.0440951152122042
7,1,9,2,0,2,0,4,1,3,5,-2,0.8706042891559438
4,1,9,2,1,2,0,4,7,1,3,-2,1.3007770949351365
1,1,5,2,0,3,0,3,3,1,3,1,1.331822879162574
4,0,9,1,0,1,0,3,1,1,4,2,0.9996879653348124
4,1,9,2,3,-2,0,3,1,4,-2,-2,1.2831394509052516
5,0,9,3,0,3,1,3,1,5,NA,1,1.5210737757861381
6,1,9,2,0,2,0,3,1,3,5,-2,0.7425851194610059
2,0,12,4,0,2,0,3,1,1,4,-2,1.4705272794491067
2,1,12,2,1,2,0,3,1,1,5,-2,0.9957122435018904
3,0,12,-2,-2,2,0,3,1,1,4,-2,1.0363415675718304
5,1,10,1,0,4,0,3,1,1,3,3,0.5852693317378135
4,0,10,1,0,1,0,3,4,1,5,4,0.8341825369156423
1,1,10,2,0,3,0,3,1,1,3,2,1.1113301615970173
2,0,10,1,0,1,0,3,7,1,3,6,0.7017388015596897
-2,1,10,2,0,2,1,4,4,3,3,-2,0.7166191497294249
6,1,10,2,0,5,1,4,0,3,3,-2,0.6717339208605774
6,0,10,2,0,2,1,4,7,3,3,2,0.7684927752559082
5,1,10,2,0,2,1,4,7,3,3,-2,0.8594243826037407
6,1,10,2,0,2,1,4,0,3,6,1,0.6717339208605774
2,1,11,2,0,3,0,3,7,1,3,1,0.9845907050626214
6,0,9,2,0,3,0,3,4,3,3,-2,0.8400606378933061
3,0,9,1,0,1,0,3,1,4,5,1,0.6978673801977383
6,1,9,2,0,4,0,3,1,11,NA,-2,0.839064263568669
5,0,9,3,0,5,0,2,3,1,4,-2,1.585421903108587
2,1,9,2,3,2,0,2,4,2,4,-2,1.1250785107660544
6,1,9,2,0,1,1,2,1,3,5,-2,0.839064263568669
2,0,9,2,0,3,0,2,7,1,2,-2,1.2871386724250984
2,1,9,2,3,3,0,4,1,11,NA,-2,1.0011545881228685
7,0,9,1,0,-2,1,6,6,3,4,1,0.620576424264588
8,0,9,1,0,5,1,3,0,3,4,1,0.8856474242610578
6,0,9,2,0,2,0,6,0,3,6,1,0.8541930749537353
6,1,9,3,0,2,1,3,8,3,3,-2,0.9638518063496074
7,0,7,1,0,2,1,-3,8,3,6,1,0.620576424264588
6,0,6,2,0,2,0,6,0,3,4,-2,0.8541930749537353
5,0,9,2,0,2,1,3,0,3,4,1,1.0928647984993973
2,0,12,2,0,1,0,2,7,1,5,4,1.0406501461948792
5,1,9,2,0,2,0,2,7,1,2,2,0.8679306520925343
7,1,9,1,0,5,0,1,1,3,5,1,0.4928489794206816
3,0,12,2,0,3,0,2,4,1,4,5,0.94674127384398
2,0,9,2,0,2,0,2,4,1,4,5,1.0406501461948792
3,0,9,2,3,2,0,4,1,1,5,-2,1.3170786193951642
3,0,9,2,2,2,0,4,1,1,4,2,1.3170786193951642
5,1,9,3,0,2,0,4,3,2,4,-2,1.5586985948567662
5,0,9,3,-2,2,0,4,1,1,4,-2,1.7832188784129936
7,0,9,1,0,-2,1,4,3,3,2,-2,0.7843985095162731
6,1,9,1,0,5,0,3,0,3,3,-2,0.5133885930696059
8,0,9,2,0,2,0,3,0,3,6,2,1.3130986306689865
5,0,9,2,0,2,1,3,4,3,3,-2,1.1034458323626901
7,0,9,3,0,2,0,3,0,3,5,2,1.1877594268559222
7,1,9,1,0,5,0,3,1,3,3,2,0.4928489794206816
5,1,9,1,0,1,1,3,1,1,3,2,0.5910621143956724
5,1,9,2,0,2,0,4,5,1,3,-2,0.8679306520925343
6,1,9,1,0,1,1,4,1,3,-2,-2,0.46197952910327406
8,1,9,1,0,5,1,3,1,3,-2,1,0.7033628931213093
2,1,12,1,2,4,0,2,7,1,4,3,0.6822849934778353
5,0,9,4,0,2,0,2,4,1,4,4,1.4118213551089895
3,0,9,1,0,1,0,3,1,1,3,3,0.7356065534457744
8,1,9,1,0,5,1,3,1,3,6,1,0.8025010971160208
5,0,9,1,0,4,1,3,4,3,3,2,0.7715104527198217
1,1,9,3,0,1,0,3,3,1,4,-2,1.6530400184737544
6,0,9,3,0,2,1,3,1,3,4,2,1.1034924230900292
2,1,9,1,3,1,0,3,4,2,5,1,0.6148065446515012
1,1,5,4,0,1,0,3,3,9,5,3,1.437955116655636
7,1,9,1,0,5,1,3,0,3,6,-2,0.48914994219768243
6,0,9,2,0,2,1,3,1,3,3,1,0.8854893179719319
5,0,9,1,0,1,1,3,1,4,5,1,0.7715104527198217
5,0,9,2,0,4,1,3,1,4,4,-2,1.1329055847370073
2,0,9,4,0,1,0,3,7,1,3,2,1.5327370671106049
-2,1,9,2,3,3,0,3,5,1,4,-2,0.9441804060876077
7,1,9,1,0,5,0,4,1,3,5,-2,0.6179644246651569
2,0,9,2,2,1,0,4,1,1,5,-2,1.3048312885357747
5,0,9,2,0,2,-2,4,1,4,6,-2,1.2450223512937337
5,1,9,1,0,-2,0,4,3,3,3,-2,0.7411101061693004
6,1,10,1,0,5,0,3,1,3,6,2,0.4768040671326415
3,0,10,2,0,3,0,3,1,1,3,8,0.9771214122135634
3,1,10,3,1,4,0,3,1,2,5,3,1.102561312892793
2,1,10,2,0,3,0,3,1,1,3,5,0.9388137887863579
6,0,10,1,0,4,0,3,1,3,5,2,0.5454845578359909
1,1,11,3,0,1,0,4,7,4,3,3,2.064572595083621
2,1,9,1,1,1,0,3,7,2,3,-2,0.8827206973731454
2,1,11,2,2,3,0,4,5,2,5,2,1.2962095384340202
7,0,9,2,0,2,0,4,1,3,4,-2,1.17983492252902
-2,1,9,2,0,2,0,3,1,3,6,-2,1.1343744032027792
4,0,9,3,0,2,0,3,5,1,3,-2,2.5030973175454303
5,0,10,1,0,1,1,3,4,5,NA,1,1.059903401227726
1,1,9,1,2,1,0,3,1,11,NA,1,1.1980065897218746
5,0,9,1,0,1,0,3,1,1,5,2,1.059903401227726
2,0,9,2,1,1,1,3,1,5,NA,1,1.6311556433130967
7,1,9,1,0,5,1,1,0,3,3,1,0.8649676260983421
2,1,9,2,3,1,1,1,7,2,3,1,1.596423939487696
6,0,9,1,0,5,0,1,0,3,6,1,0.9275796938133866
6,0,9,1,0,1,0,1,0,3,5,1,0.9275796938133866
1,1,2,5,0,2,1,3,5,2,3,1,2.2709513938136436
5,1,9,1,0,4,0,3,1,1,3,3,0.9264538202107034
2,1,9,1,0,1,0,3,5,4,6,1,0.9709592207226317
1,1,9,2,2,2,0,3,5,2,3,1,1.7591833672025876
3,1,12,2,0,2,0,3,7,11,NA,-2,1.2971179071610766
2,1,12,2,0,1,0,2,7,1,3,7,1.4260982753094626
3,0,9,2,3,3,1,3,1,5,NA,-2,1.8885075519199739
2,1,9,1,0,1,0,4,1,1,3,4,1.2356564825461718
7,1,9,1,0,5,1,4,0,3,5,-2,0.9831081049344775
5,1,9,2,0,2,1,3,7,3,2,3,1.7313004474437805
2,0,6,2,0,3,0,3,7,1,2,-2,2.1424435312023116
1,1,10,1,1,1,0,3,5,2,4,2,1.573523335439737
1,0,10,1,0,1,0,3,1,1,3,3,1.8001790253986638
4,1,10,2,0,1,0,3,5,1,4,-2,2.2261400227965225
4,1,10,2,0,3,0,3,5,11,NA,2,2.2261400227965225
6,0,9,1,0,1,0,3,1,3,5,1,0.48725689983106835
3,1,1,2,1,2,0,3,7,4,2,-2,0.7629244935174813
5,1,9,1,0,1,0,3,1,1,4,3,0.5449113821106267
4,0,2,1,0,1,0,3,7,2,3,-2,0.7766604783024601
1,1,9,2,0,1,0,3,1,4,-2,1,0.9240976699409732
2,1,9,1,3,1,0,3,1,11,NA,-2,0.5100441319566874
3,1,9,2,2,3,0,3,1,11,NA,1,0.6813750391196284
3,0,13,2,2,3,0,3,5,1,4,2,0.7795226332061758
2,1,9,1,3,1,0,3,1,11,NA,1,0.5100441319566874
7,1,9,1,0,1,1,2,1,3,4,1,0.5057125418602013
2,0,9,1,-2,1,1,1,1,-2,NA,-2,0.7271813117613352
4,0,9,1,0,1,1,2,7,5,NA,1,0.8644269778078069
4,1,13,1,2,4,0,3,7,1,2,3,0.7555893064930065
5,0,9,2,0,2,0,3,7,3,2,-2,0.8177518119564009
6,0,9,2,0,2,0,3,1,1,4,-2,0.6391622602934554
7,0,9,1,0,-2,0,3,1,3,4,-2,0.46435523963861153
5,0,3,4,0,2,0,3,1,1,5,-2,1.055645847828301
3,1,9,2,0,2,0,3,7,1,3,-2,0.6815265528690172
7,1,9,1,0,5,1,3,1,3,-2,1,0.5057125418602013
5,0,9,1,0,1,0,3,5,1,3,3,0.6938498444514708
2,0,9,2,1,3,0,3,3,1,3,3,1.0678115459181954
4,1,9,2,0,2,0,4,3,1,2,6,1.1095265684032853
4,1,9,2,0,2,1,3,1,1,3,2,0.8970509630019456
1,1,9,1,0,1,0,3,1,1,3,2,0.6340709069993976
2,0,9,2,2,3,0,3,3,1,4,3,0.9593951221801226
5,0,9,2,0,1,0,3,4,3,6,2,0.9154197798067942
1,0,9,3,0,1,0,3,3,2,4,3,1.5281023772614433
1,0,9,1,1,1,0,3,1,4,6,1,0.8061276532451839
5,1,9,2,0,2,0,2,1,2,5,-2,0.8215244281626448
6,0,9,2,0,2,0,2,7,3,1,-2,0.7346028347793886
4,0,9,4,0,3,0,1,1,1,5,2,1.511550067006271
2,1,9,3,3,3,0,1,1,2,5,3,1.1114615017755736
7,1,9,1,0,1,1,3,7,3,2,-2,0.4500098674979466
7,0,9,1,0,5,1,3,1,3,5,1,0.5148308299259161
4,0,12,2,0,2,0,3,8,1,4,4,1.129531970741244
4,1,10,2,0,3,0,1,1,1,3,4,0.9258365807134408
6,0,10,1,0,5,1,3,1,3,5,2,0.45253454150352834
4,1,10,2,0,2,0,3,1,1,3,6,0.9258365807134408
6,0,10,2,2,2,0,3,1,3,3,-2,0.6645132383474401
6,1,10,2,0,2,1,1,1,3,6,2,0.5808461672398179
6,0,10,2,0,3,0,2,1,3,5,2,0.6645132383474401
4,1,10,2,0,3,0,1,1,1,3,3,0.9258365807134408
2,0,3,3,0,1,0,1,7,1,3,3,1.25735761962635
8,1,11,1,0,5,0,1,1,3,5,-2,0.6583196106292918
2,1,13,1,0,4,0,1,7,5,NA,1,0.5797859363554543
2,1,3,2,2,2,0,1,1,11,NA,-2,0.851372425264607
4,1,13,4,0,2,1,1,4,5,NA,3,1.3064774306782265
6,1,11,5,2,4,0,1,1,3,2,-2,0.8196504912454424
3,1,12,2,3,2,0,1,1,4,5,1,0.7745440841553594
1,1,9,2,0,2,0,1,7,2,5,1,1.0504558317242216
8,0,13,1,0,5,0,1,1,3,4,-2,0.7531462218399698
6,1,11,1,0,4,1,1,1,3,4,1,0.43239441075478635
5,1,11,1,0,4,1,1,1,5,NA,1,0.5532105614499266
5,1,11,1,0,5,1,1,0,5,NA,-2,0.5532105614499266
7,1,12,4,0,5,0,1,0,3,6,-2,1.003551432515829
2,1,12,2,2,1,1,1,1,1,3,3,0.9771008292693698
1,1,13,5,2,1,1,1,7,7,NA,-2,1.5563036183024563
1,0,4,4,0,1,0,1,1,2,5,-2,1.7804789212339123
3,1,12,1,1,1,1,1,7,1,3,4,0.6053604446237272
3,1,6,1,2,1,1,1,7,1,3,-2,0.6053604446237272
3,1,6,2,1,1,0,1,1,2,5,4,0.8889266841108577
4,0,6,2,0,1,0,1,1,1,3,-2,1.328824094756836
4,0,13,2,2,2,0,1,3,2,3,3,1.328824094756836
1,0,6,3,4,1,0,1,3,9,NA,-2,1.7804789212339123
2,1,12,4,2,1,0,1,3,1,5,2,1.2613514494820766
3,1,12,1,1,4,0,1,8,1,3,2,0.6053604446237272
3,1,6,2,1,1,0,1,2,11,NA,2,0.8889266841108577
4,1,9,2,0,1,0,2,2,2,5,-2,1.2625732876602387
1,1,6,3,0,1,0,3,7,2,5,-2,1.691710087183074
5,1,1,4,0,2,0,3,1,3,-2,1,1.3082492921208386
5,1,6,3,0,4,0,-3,0,3,5,1,1.3082492921208386
4,1,9,1,1,1,0,1,5,2,3,1,0.8604413519711448
4,0,13,2,3,2,0,2,4,1,4,2,1.4454919805624011
8,1,9,1,0,5,0,1,1,3,6,-2,0.8218731388656884
5,0,9,3,2,2,0,1,3,1,4,-2,1.4977854187312716
4,0,9,-2,-2,2,0,1,7,1,-2,-2,1.4454919805624011
6,1,9,2,0,4,0,3,6,11,NA,1,0.7926837751437132
7,0,9,5,0,2,0,2,5,3,4,-2,1.2600806356042669
2,1,9,1,3,1,0,3,1,2,5,2,0.73030398699604
1,0,9,4,0,1,0,2,1,1,2,-2,1.7584480662943927
6,1,9,1,0,5,1,2,1,3,5,2,0.4901088936920111
4,1,9,4,0,2,0,2,8,2,4,4,1.4808614363574957
5,0,9,4,0,2,0,2,1,3,4,-2,1.4966940004168603
3,0,1,2,0,2,0,3,7,1,2,-2,1.1054524442229008
4,1,9,2,0,1,-2,3,1,4,5,-2,1.2625732876602387
-2,1,9,1,2,1,0,3,1,-2,NA,-2,0.7233010413232493
6,0,9,2,0,2,0,2,4,3,2,4,0.9394056720428857
-2,1,2,3,2,2,0,3,5,11,NA,-2,1.421330261186426
3,0,2,2,2,2,0,3,7,1,2,-2,1.1459544212979702
3,1,-2,3,-2,-2,0,1,7,1,-2,-2,1.147526363604607
2,0,6,4,0,3,0,1,7,1,3,5,1.4430408319170416
1,0,7,1,0,1,0,1,0,4,6,-2,0.9392651407290137
2,0,7,2,0,2,0,1,3,1,-2,-2,1.1178457789180507
2,0,4,2,0,1,0,1,7,1,3,-2,1.1178457789180507
5,0,12,1,0,1,0,6,1,1,5,2,0.7121478869343348
3,1,6,1,2,1,0,2,5,2,5,1,0.593514667187541
7,1,9,2,0,2,1,1,0,3,6,2,1.045617582630048
2,1,12,2,1,2,0,1,3,1,3,-2,1.314223876047881
6,0,9,2,0,2,0,1,0,2,4,-2,1.1213062869379595
6,1,9,1,0,1,1,1,0,3,5,2,0.6674670703681508
5,0,4,3,1,2,0,1,6,1,-2,-2,2.0325796357624566
3,1,9,1,3,1,0,1,4,11,NA,1,0.7981138841205261
6,0,9,2,0,2,1,1,1,3,5,1,1.099120003969537
1,0,12,3,1,1,1,1,5,9,NA,1,2.3474030390340204
3,1,12,1,2,1,0,1,4,11,NA,-2,0.7981138841205261
5,0,9,1,0,4,0,1,1,3,4,2,1.1934275095359155
7,1,9,1,0,5,0,1,1,3,4,1,0.869829782624546
4,1,9,2,0,1,0,2,1,2,5,1,1.9083949357087093
7,1,9,1,0,5,1,2,1,3,-2,2,0.869829782624546
2,1,9,2,4,3,1,3,1,4,6,2,1.2979622538371558
3,0,9,4,0,1,0,2,3,1,5,-2,1.7439252359408768
2,0,9,1,0,1,0,1,7,-2,NA,-2,1.0112363420082129
3,0,1,1,0,1,0,3,7,1,3,4,0.9199817883952872
4,1,9,2,0,2,0,2,1,1,3,4,1.5429351253203099
1,1,9,2,0,1,0,3,1,11,NA,1,1.763907317020073
1,0,9,2,0,3,0,3,3,1,5,4,2.0179865676789497
1,0,9,3,5,1,0,1,3,1,4,5,2.605043620810888
6,1,9,2,0,2,1,3,1,3,4,-2,1.0661785480507862
4,1,9,2,1,3,0,3,3,1,3,-2,1.6994294824188934
1,1,10,3,0,1,0,1,4,2,3,-2,2.1337042762574976
2,1,2,3,0,1,0,1,7,7,NA,-2,1.7293225756032753
1,1,10,2,1,3,0,1,1,2,5,2,1.6528654393689102
4,1,10,1,0,1,0,3,5,1,3,3,1.084458612468103
1,1,12,8,0,1,0,1,7,2,5,-2,1.8868368214269762
2,1,12,4,-2,1,0,1,5,-2,NA,-2,1.5292416798715827
7,1,9,2,0,2,0,1,7,3,2,6,0.9425033926652577
3,1,5,2,2,2,0,1,7,1,1,-2,1.0777200408740475
5,0,9,2,0,2,0,3,7,1,1,9,1.277136752755173
3,0,12,2,1,2,0,1,1,1,4,-2,0.9334022863575567
2,1,9,2,0,1,0,1,5,1,4,-2,0.896808652398727
5,0,9,1,0,-2,0,1,7,3,6,-2,0.6666734837405782
3,0,1,2,0,2,0,1,7,1,2,-2,0.9334022863575567
4,1,9,2,0,2,0,1,7,3,3,-2,1.0660691914472042
6,1,2,2,0,2,0,1,7,3,6,-2,0.6688245169437932
4,0,1,2,1,2,0,1,7,1,2,-2,1.2196294486669659
1,1,9,2,1,2,0,1,5,1,3,-2,1.1065167850135513
6,0,9,2,0,2,0,3,7,3,1,-2,0.8397903636144314
3,1,9,2,2,2,0,3,7,2,3,9,0.8954524808520247
6,0,9,2,0,2,0,3,7,3,2,6,0.8397903636144314
3,1,9,2,-2,2,0,3,7,2,-2,-2,0.8954524808520247
5,1,9,3,0,2,1,2,7,2,2,9,1.3493748266083805
5,1,9,1,0,4,0,2,1,-2,NA,-2,0.7118425954361521
4,1,9,2,2,2,0,2,5,1,2,-2,1.3022629718797867
6,1,9,1,0,-2,1,3,6,3,3,-2,0.4950988220219799
4,1,9,3,1,2,0,3,5,2,2,5,1.4959384784784304
5,0,9,2,0,2,1,3,8,3,1,2,1.06413492458287
6,1,9,1,0,5,1,2,7,3,3,-2,0.4950988220219799
5,1,9,1,0,-2,0,3,8,3,-2,1,0.6334353323991133
6,1,9,1,0,1,0,4,3,3,-2,-2,0.5639051264315752
3,1,9,2,2,2,0,3,7,2,2,6,1.0101180053184167
8,1,9,1,0,5,1,4,1,3,-2,-2,0.8585444076769592
7,0,9,2,0,2,0,4,1,3,-2,3,1.0106286018878932
6,1,9,1,0,5,0,4,1,2,2,-2,0.5639051264315752
7,1,9,1,0,5,1,4,1,3,-2,1,0.6015852403489601
5,0,1,4,0,2,1,1,1,1,1,-2,1.248114773453078
5,1,9,2,2,2,0,1,7,2,2,5,0.8451139795845107
4,1,9,2,-2,2,0,2,1,1,3,-2,1.0528781250255985
6,1,9,2,0,2,0,4,5,3,2,-2,0.7340546220018809
6,1,9,2,0,2,1,3,1,3,5,2,0.7340546220018809
3,1,9,2,2,2,0,4,5,11,NA,8,0.8954524808520247
3,0,9,2,3,2,0,4,1,1,3,2,1.0244365227799628
3,0,9,1,-2,1,0,6,1,1,5,-2,0.7162684948298442
3,0,9,2,1,2,0,3,7,1,2,-2,1.051786887790344
5,1,9,2,1,2,0,2,7,2,2,2,0.8389575596227938
4,0,9,3,0,2,0,2,4,1,2,8,1.5436258642965024
8,1,9,1,0,5,0,2,1,3,3,1,0.6798833696212975
3,1,11,2,2,2,0,2,7,1,3,6,0.7999148640770527
1,0,9,3,0,1,0,2,3,1,3,-2,1.6021923739362811
7,0,9,2,0,2,0,3,1,3,2,3,0.806192091569475
4,0,9,2,0,2,0,3,7,3,2,9,1.2045382958635786
5,1,9,1,0,5,0,3,7,3,2,-2,0.5755239251825691
3,0,4,2,0,1,0,3,7,1,3,5,0.921852781263327
6,0,10,2,0,2,0,3,7,3,2,4,0.7556964879339689
4,1,9,2,0,2,1,3,7,5,NA,-2,1.1596677641848194
3,1,3,2,2,2,1,3,7,2,2,-2,0.8875126323723593
7,1,9,2,0,4,0,3,1,3,3,-2,0.776160445495493
5,0,9,2,0,2,0,3,5,2,3,-2,1.0649109124236527
7,1,12,2,0,2,1,3,1,3,3,-2,0.776160445495493
3,0,9,2,0,3,0,5,3,1,3,6,1.1643578535751686
5,1,9,2,0,2,0,4,7,1,2,4,1.067431936308609
6,1,9,1,0,4,0,5,4,3,3,-2,0.5681694754030558
4,0,9,2,1,2,0,5,7,1,3,4,1.5214073800360757
8,1,9,1,0,5,-2,5,7,3,2,-2,0.8650368703098407
3,0,9,1,1,1,0,3,7,1,4,-2,0.9046920117555789
1,0,9,4,0,1,0,3,3,1,4,8,2.3258464669254844
5,1,9,2,0,2,0,3,1,3,3,5,1.2178852600297705
5,0,9,1,0,1,0,4,4,1,4,4,0.9488487293812625
3,1,12,2,2,2,0,3,7,2,3,3,1.1612083484606466
1,0,9,3,0,1,0,3,7,9,NA,9,2.0385194560004107
4,1,9,2,0,3,1,3,7,1,3,8,1.3298510767099039
1,0,9,3,1,1,0,3,7,9,NA,-2,2.0385194560004107
7,1,9,1,0,5,1,4,1,3,1,-2,0.6061345329173279
5,0,9,2,0,2,0,3,5,3,4,-2,1.06413492458287
2,1,9,3,0,1,0,3,3,1,3,-2,1.2584272969509998
4,0,1,2,2,2,0,3,7,1,2,-2,1.3257435224535061
1,0,9,3,2,1,0,3,1,9,NA,-2,1.7763512913444073
1,0,9,3,1,1,0,3,1,9,NA,-2,1.7763512913444073
6,1,9,3,0,2,0,3,4,3,4,-2,0.938513502006139
1,0,9,3,0,-2,0,3,7,1,2,-2,1.7763512913444073
4,0,9,2,2,2,0,3,1,1,2,-2,1.3257435224535061
6,0,9,2,0,2,0,3,1,3,4,-2,0.8317375439699505
5,1,9,3,0,2,0,3,1,3,4,-2,1.2007453576165477
7,1,9,2,0,2,0,4,7,3,1,-2,0.7046866178493584
8,1,9,1,0,5,0,4,0,3,3,-2,0.6848724748511944
6,1,9,2,0,2,0,4,7,3,1,5,0.6605487795918606
5,0,9,4,0,2,0,4,7,2,5,3,1.248114773453078
6,0,9,2,0,2,0,4,4,1,2,9,0.7556964879339689
3,0,9,2,2,2,0,3,7,1,2,-2,1.2939275500730532
3,0,9,2,2,2,0,3,7,1,2,8,1.2939275500730532
5,0,9,1,0,1,0,3,1,3,4,2,0.9241751387618408
7,1,9,1,0,5,0,3,0,3,5,-2,0.6676125772547112
5,0,9,2,0,2,0,3,7,1,3,-2,1.3450492415276356
5,1,9,1,0,4,0,4,1,1,3,3,0.7502491436981599
6,1,10,2,0,2,0,4,7,3,1,6,0.8610869758411002
6,1,9,2,0,2,0,4,7,3,2,4,0.8610869758411002
5,1,9,2,0,2,0,2,5,2,3,7,1.1016849374411144
6,0,10,3,0,2,0,4,5,3,3,5,1.006842065726418
1,0,10,2,0,3,0,1,1,1,3,4,1.2903586722195581
5,1,9,3,0,2,0,3,4,1,4,4,1.2308356896278447
6,0,9,2,0,2,0,3,1,3,4,-2,0.8525806467024021
6,1,9,2,0,2,1,3,1,3,5,-2,0.7452345150135459
3,1,9,2,2,2,0,1,7,4,3,-2,0.9259238553894076
6,1,9,2,0,2,0,2,3,3,-2,3,0.759033784823155
-2,1,9,2,0,2,0,2,1,3,3,-2,0.759033784823155
6,1,9,2,0,2,0,1,1,3,-2,2,0.759033784823155
3,1,9,2,1,2,0,2,7,1,2,7,0.9259238553894076
4,0,1,2,2,2,0,2,7,1,2,7,1.370857281449128
7,1,9,1,0,4,1,2,5,3,3,-2,0.5461547964673227
4,0,9,1,0,4,1,2,7,1,2,-2,0.933555925642824
6,0,9,1,0,5,1,2,1,3,5,-2,0.5856890866159123
8,1,9,1,0,5,1,1,1,3,3,-2,0.7028628456815456
7,0,9,1,1,1,0,3,1,3,3,3,0.5634397784798765
6,0,9,1,0,4,1,3,4,1,4,6,0.5281488943046055
-2,0,9,1,0,4,0,4,1,5,NA,-2,1.1905559990924492
6,0,9,2,0,2,0,3,1,3,4,3,1.096802730039229
3,1,9,2,2,3,0,4,7,2,2,9,1.1694998754115542
3,1,9,1,1,1,0,4,5,1,4,3,0.796431221180712
6,1,9,1,0,5,0,4,7,3,2,3,0.5830942678751251
2,1,9,2,1,3,0,4,7,1,3,5,1.1480962025669303
3,0,9,1,0,1,1,4,5,1,3,5,0.8137583312340907
5,1,9,3,0,2,0,3,7,1,2,6,1.1280925829041077
4,1,9,2,0,2,1,3,3,1,3,2,1.0887065406879766
5,1,9,3,0,2,0,3,1,2,5,2,1.1280925829041077
7,0,9,2,0,2,1,3,3,3,2,5,0.8336260221203351
5,0,9,3,0,2,0,4,1,1,5,1,1.4214864867687789
8,0,9,1,0,5,1,4,1,3,4,-2,0.8923606952982431
7,1,9,1,0,4,0,4,1,3,6,-2,0.5465530631452155
5,0,13,2,0,2,0,4,1,2,5,-2,1.1011487921049192
6,1,9,2,0,2,0,4,1,3,6,-2,0.9502065345042259
7,1,9,1,0,-2,0,4,1,3,5,-2,0.6903307820979653
3,1,9,2,1,2,0,4,7,1,3,-2,1.1591300880623476
5,1,9,2,0,2,0,4,5,1,3,-2,1.2157055627265705
8,0,9,2,0,2,0,4,1,3,4,-2,1.655073339593546
7,0,9,1,0,1,0,4,1,3,3,-2,0.7118180101942361
6,1,9,1,0,5,0,4,7,2,2,-2,0.5832239274512777
7,0,9,2,0,2,0,4,7,3,3,-2,1.045251682880686
7,0,9,2,0,2,0,4,1,3,3,-2,1.045251682880686
6,1,9,2,0,2,0,4,7,3,2,-2,0.8564208588911417
5,1,9,2,0,2,0,2,1,3,2,8,0.8738723840217792
6,0,9,2,0,2,0,3,4,3,3,3,0.8915512540735256
5,0,9,2,0,2,0,3,3,3,2,4,1.1406612980182742
6,0,9,1,0,1,0,3,7,3,2,-2,0.7403014820066615
5,0,9,5,0,2,0,3,1,1,3,-2,1.7954265456052456
2,1,9,2,1,3,0,3,1,2,5,-2,1.2741061670453275
7,1,9,1,0,1,0,3,1,3,5,-2,0.6903307820979653
2,1,9,2,3,-2,0,3,1,1,5,-2,1.2741061670453275
7,0,9,2,0,2,0,4,1,1,3,7,1.2013300800168367
7,1,9,1,0,5,1,4,1,3,3,2,0.7151019113998237
5,1,9,2,0,2,0,4,7,3,2,-2,1.2593287075554436
7,0,9,1,0,5,0,4,1,3,2,3,0.8181076396713899
7,0,9,1,0,-2,0,4,4,3,3,-2,0.7118180101942361
6,1,9,2,0,2,0,4,1,3,2,-2,0.8564208588911417
8,0,9,1,0,5,1,4,1,3,3,-2,1.0158616451120162
8,1,9,1,0,5,0,4,1,3,3,-2,0.8879572429236375
6,0,9,2,0,2,0,4,1,3,3,-2,0.9797826523232942
6,0,9,2,0,2,0,2,1,3,5,3,0.7814121023443622
5,0,9,3,0,2,0,2,1,3,5,3,1.290586901835975
8,1,9,1,0,5,1,2,1,3,5,-2,0.7081780171750913
5,0,1,2,0,2,1,2,7,3,-2,-2,0.999747954898622
1,0,9,3,0,1,0,3,7,1,5,7,1.6567134177114904
7,1,9,2,0,2,1,2,4,3,3,-2,0.7233582842388826
4,1,9,1,0,4,0,3,5,1,4,4,0.7360098640270762
2,0,10,3,0,1,0,3,7,1,2,9,1.3959880045134094
8,0,9,1,0,5,1,3,7,3,2,-2,0.8361846104258166
4,1,9,2,2,2,0,3,7,1,4,4,1.123642226142649
5,1,10,1,0,4,1,3,7,1,2,4,0.6142049769290961
5,0,9,1,0,4,0,3,7,4,1,-2,0.7026771652256663
8,0,10,1,0,4,0,3,1,3,5,1,0.8361846104258166
4,1,9,2,0,2,0,3,7,2,3,-2,1.123642226142649
5,1,10,3,2,3,0,3,7,1,3,-2,1.1642921336252638
6,1,10,1,0,4,0,3,1,3,-2,2,0.48006820113095816
4,0,12,2,2,2,0,1,7,1,2,9,1.1324643754998975
3,0,13,1,0,1,0,1,7,1,4,-2,0.5902195682133409
4,1,9,2,3,2,0,1,6,1,2,9,0.989878837749845
2,1,12,1,0,1,0,1,7,1,3,3,0.5670802646673635
2,1,12,1,0,1,0,1,5,1,3,-2,0.5670802646673635
5,1,9,2,0,2,0,1,3,1,3,-2,0.7945463240172478
7,0,9,3,0,2,0,1,3,3,3,-2,0.9784512655886147
4,0,9,2,2,2,0,1,7,1,2,-2,1.1324643754998975
2,0,12,2,0,1,0,1,5,2,3,5,0.9526622273953272
2,1,9,2,0,1,0,1,3,1,3,4,0.8327150935816345
3,0,2,2,0,1,0,1,7,1,3,3,0.8666934358344822
3,0,12,2,2,2,0,1,2,1,3,4,0.8666934358344822
3,0,9,5,0,3,0,1,3,1,3,-2,1.1188251906037918
3,0,12,2,0,1,0,1,3,1,5,4,0.8666934358344822
3,0,9,1,0,1,0,1,4,1,3,-2,0.5902195682133409
2,1,7,2,0,1,0,1,5,1,3,-2,0.8327150935816345
4,0,9,2,-2,2,0,1,7,1,3,4,1.1324643754998975
2,1,12,3,0,1,0,1,3,1,5,3,1.0749621316770324
3,0,13,2,0,3,0,1,1,1,4,4,0.8666934358344822
2,1,12,2,0,1,0,1,7,1,3,4,0.8327150935816345
4,0,5,3,1,2,0,1,7,1,3,-2,1.4619121576139973
2,0,12,1,0,1,0,1,3,1,4,3,0.64876444802544
2,0,1,2,1,2,0,3,7,1,2,-2,0.9408744083496737
4,0,9,3,1,2,0,1,7,1,2,6,1.4438231062387663
6,1,12,1,0,1,0,3,7,3,2,4,0.41768573012174015
1,1,12,2,0,3,0,1,3,1,5,3,1.0147226701392178
5,1,9,1,0,1,0,2,7,3,2,2,0.534392100182143
3,0,9,2,2,2,0,1,5,1,3,4,1.0227067783850254
6,1,9,2,0,2,0,1,1,3,6,2,0.7328151827201388
5,0,10,2,0,2,0,1,7,1,6,-2,1.0726236272575929
7,0,9,2,0,2,0,1,2,3,5,2,0.8943923948448629
7,1,9,1,0,5,0,1,0,3,6,2,0.5323946530049959
1,0,7,2,0,1,0,1,1,9,NA,3,1.3870202115996726
4,1,9,1,0,5,0,4,1,5,NA,-2,0.8730356063755297
4,0,6,2,2,2,0,4,7,1,5,-2,1.4666496035671484
2,1,9,1,0,4,1,3,0,5,NA,1,0.6559202144746152
2,1,9,1,0,1,0,3,5,2,4,1,0.6559202144746152
2,0,9,1,0,1,0,3,3,1,4,2,0.7504012084461507
1,0,9,2,0,2,0,3,4,1,4,3,1.3595764852459156
2,1,9,2,0,1,0,3,7,8,NA,-2,0.963169936973034
8,0,9,6,0,2,1,2,1,3,4,6,1.627358091295831
7,1,9,1,0,5,0,3,1,3,3,2,0.5258070381610068
5,0,9,2,0,2,0,2,7,1,3,3,1.0593514591600117
7,1,9,2,0,2,0,3,7,3,2,3,0.7721084373214024
2,1,12,2,0,3,0,3,0,1,5,-2,0.9704535961163426
7,1,11,2,0,2,0,4,7,3,1,4,0.975221359721671
4,1,9,1,1,1,0,2,1,2,5,2,0.9922780398102278
7,1,9,1,0,4,0,3,1,3,5,-2,0.5791377537851232
1,0,9,2,0,-2,0,3,7,1,2,-2,1.5087975907843378
6,0,9,1,0,1,0,3,1,1,3,-2,0.6210595681539426
2,1,9,2,0,3,0,3,7,1,2,9,1.0688832119349003
6,0,9,2,0,2,0,3,5,3,3,-2,0.9119796766661209
3,1,9,2,1,2,0,3,3,2,5,-2,0.9717179757598249
5,0,9,2,0,-2,0,3,1,1,-2,-2,1.1951657398925148
4,1,11,1,0,4,0,3,7,1,3,3,0.8863322254309818
2,1,11,2,0,1,0,3,7,1,2,-2,1.0948707156673179
6,0,9,2,0,2,1,3,1,3,4,-2,0.6908845852229163
3,1,9,2,1,3,0,2,7,2,3,5,0.7366770835016648
6,1,9,2,0,2,1,3,7,3,3,2,0.6038971688958049
5,1,9,2,0,2,0,3,1,1,3,-2,0.7726332338100684
6,1,9,1,0,4,0,4,3,3,3,3,0.46391739684051364
2,1,9,2,1,3,0,4,5,11,NA,4,0.9134402976696634
6,1,9,2,0,2,1,4,7,3,3,-2,0.6812281128330183
5,1,9,1,0,5,0,4,1,1,4,2,0.593673428129523
4,0,9,2,0,3,1,4,4,5,NA,2,1.2425241560405642
2,0,9,2,5,3,0,4,7,1,4,-2,1.045247740851526
6,0,9,1,0,4,0,5,1,3,4,-2,0.5308596656249446
6,0,9,2,0,3,0,4,4,3,3,-2,0.7795278440855123
7,0,9,2,0,2,1,3,5,3,4,3,0.9557938641697824
7,1,9,1,0,5,1,3,1,3,4,-2,0.5689443979979719
4,1,9,4,0,4,0,3,5,1,2,3,1.6113895247198924
3,0,9,3,4,2,0,5,4,1,4,5,1.529461013158809
4,1,9,2,2,2,0,5,1,1,4,-2,1.3531882395964814
6,1,9,1,0,5,0,5,1,3,3,3,0.578140113339047
6,0,9,2,0,2,0,5,0,3,4,-2,0.9712421370248787
3,1,12,4,0,2,0,4,7,1,5,4,0.8557568924894488
1,1,9,3,0,1,0,4,3,1,5,2,1.1605986497644316
3,1,9,2,1,3,0,4,1,4,5,2,0.662908636326343
6,1,9,1,0,1,0,4,5,3,2,4,0.3700731760170462
7,0,9,2,0,2,0,4,1,3,3,-2,0.9557938641697824
1,1,9,2,3,-2,0,4,1,11,NA,-2,1.2956163525477915
5,1,9,2,0,-2,0,4,1,1,3,-2,1.0019383279219036
2,1,13,2,2,2,0,4,4,2,4,-2,1.0500698867752905
4,1,1,2,3,2,0,4,7,1,2,-2,1.2482564169774284
4,1,9,3,0,2,0,4,7,1,3,-2,1.4020356607287927
7,0,9,3,0,2,0,4,1,3,5,2,1.0735431147365266
2,1,9,1,1,1,0,4,7,11,NA,-2,0.62219257621419
5,0,9,2,0,2,0,4,1,1,4,-2,0.9973372124297829
5,1,9,2,0,2,0,4,1,2,5,-2,0.8717651716407149
6,0,9,2,0,2,0,4,1,3,4,-2,0.8648930529752491
3,0,9,2,2,2,0,4,1,5,NA,-2,1.0550585838507038
4,1,9,1,0,4,0,4,1,2,5,-2,0.8206183127599962
6,1,9,1,0,-2,1,4,1,3,5,-2,0.5148349197502501
8,0,9,1,0,5,0,4,1,3,3,-2,0.8967414125551171
3,1,9,2,0,2,0,4,1,11,NA,-2,0.9215469907818233
2,1,9,2,-2,3,0,4,7,2,2,-2,1.012956799473597
4,0,9,2,0,2,0,4,3,1,4,-2,1.3775870020443957
7,0,9,2,0,2,0,4,1,3,3,-2,0.9220128162889695
2,0,9,-2,-2,-2,0,4,3,1,4,-2,1.1588665658636275
7,0,10,1,0,5,0,5,2,3,2,-2,0.5887939953619329
6,1,10,1,0,5,0,5,1,2,5,2,0.4824249197361719
5,1,10,2,0,2,0,5,7,2,2,-2,0.9063418372347457
3,1,10,2,2,2,0,5,5,2,3,5,0.8641632693135812
3,1,9,2,3,2,0,5,1,11,NA,-2,0.8641632693135812
6,0,10,1,0,4,0,5,1,1,2,-2,0.5519150572978272
6,1,9,1,0,5,0,3,1,3,4,2,0.417518451883284
5,1,9,3,1,3,0,3,0,1,5,2,1.0125924775394544
3,1,9,3,2,2,0,3,1,1,4,-2,0.9654693074112097
7,1,9,1,0,5,1,3,0,3,6,1,0.4454170151205539
4,1,9,2,1,2,0,3,1,2,3,4,0.9772389873450269
3,1,12,1,3,4,0,2,1,1,5,-2,0.6782806904581278
7,1,9,2,0,2,1,3,0,11,NA,-2,0.9468254694180486
7,0,1,2,0,2,0,6,8,3,-2,-2,1.0832094525520894
4,1,9,1,0,1,1,1,7,5,NA,-2,0.8687390634140453
4,0,-2,2,2,2,0,2,1,1,5,-2,1.459431658519831
3,0,2,2,-2,2,0,1,3,1,5,-2,1.116926824236585
5,0,3,3,4,2,0,2,6,5,NA,1,1.5122293912106788
6,1,9,1,0,-2,0,3,3,3,3,-2,0.5451458409477422
6,1,9,2,0,2,0,3,1,3,3,-2,0.8005060275315987
6,1,9,1,0,-2,0,3,1,2,4,-2,0.5451458409477422
2,0,9,2,3,2,0,3,3,2,4,-2,1.227989690757442
4,1,9,2,-2,2,0,3,3,1,3,-2,1.2759622171430398
1,0,9,2,0,1,0,2,5,1,3,-2,1.6810619324925304
3,1,12,2,2,2,0,2,8,2,3,7,1.0834516844773447
6,1,9,2,0,2,1,2,1,3,3,3,0.888168533465424
7,0,9,2,0,2,0,2,1,3,4,3,1.1228964826401213
7,0,9,2,0,2,0,2,5,3,2,-2,1.1228964826401213
2,0,9,1,0,1,0,2,7,1,2,3,0.9611347811252916
7,1,9,1,0,1,0,2,1,3,3,-2,0.6684136478367677
5,0,9,2,0,2,0,4,7,3,2,5,1.479934223740864
3,0,9,3,1,3,0,4,1,1,2,4,1.8215576363381967
5,1,9,1,0,4,0,4,7,1,1,-2,0.8809433891210601
5,0,9,2,0,2,0,4,3,3,1,4,1.479934223740864
2,0,12,2,0,3,0,4,7,1,2,-2,1.2370008977705367
4,1,9,4,0,2,0,3,5,1,3,-2,1.65924240086368
7,1,9,1,0,5,0,3,3,3,-2,-2,0.5858401425665186
3,0,9,2,1,3,0,3,3,1,4,5,1.1253732197930375
5,0,9,2,0,-2,-2,3,8,-2,NA,-2,1.1803010702042271
6,1,9,2,0,2,0,3,1,3,-2,-2,0.8063802833039478
2,1,9,2,2,3,0,3,3,2,5,2,1.081253448206792
3,0,9,2,2,2,0,3,3,1,2,6,1.1253732197930375
2,0,9,2,0,3,0,3,7,1,2,4,1.2370008977705367
1,0,10,2,0,3,0,3,4,1,4,5,1.5752353555342715
3,1,10,2,1,2,0,4,7,1,2,5,1.0152459980289616
6,1,10,2,0,2,0,3,7,3,2,5,0.8322563544778716
3,1,10,3,2,2,0,3,5,2,3,4,1.3105935158731432
5,0,11,1,0,4,0,3,5,1,5,2,0.9068364411070281
5,1,9,2,0,2,0,3,7,2,2,4,1.1639608092243445
2,0,9,2,1,2,0,4,1,1,2,7,1.395590746062604
4,0,9,2,0,2,0,1,7,1,2,-2,1.042152595758593
3,1,9,1,0,1,0,1,7,1,3,-2,0.4747640874540573
8,0,12,4,0,2,0,1,0,3,4,-2,1.2850249383198384
7,1,9,1,0,4,0,1,0,3,5,-2,0.4151975895132943
7,0,9,2,0,2,0,1,0,3,6,-2,0.6975080691036262
5,1,9,2,0,2,1,1,3,2,3,3,0.7311828362455158
3,1,12,3,1,2,0,1,1,4,3,4,0.8999668076840518
2,1,9,2,1,2,0,1,7,1,3,-2,0.7663077224132411
1,1,9,3,3,1,0,1,7,7,5,2,1.2205572295098928
-2,0,9,2,1,3,0,3,7,1,2,4,1.1437931929342562
3,0,2,2,4,2,0,3,3,1,3,3,0.8753635643776353
1,0,2,4,0,1,0,3,7,8,NA,-2,1.5325577541118713
6,1,9,2,0,2,1,3,7,3,2,4,0.6272371748517399
4,1,12,1,1,1,0,3,3,1,5,2,0.6808525917389252
4,1,9,2,0,2,0,2,1,1,3,4,0.9997812743099813
3,1,9,2,2,2,0,2,3,1,3,-2,0.7651488969197805
2,0,6,3,0,1,0,2,7,1,2,-2,1.2421059244677028
-2,0,9,1,0,1,0,2,1,3,5,2,0.5213309707342975
5,1,9,4,0,2,0,3,1,3,4,-2,1.0359502748672738
3,1,9,2,2,2,0,3,3,1,3,-2,0.7651488969197805
7,0,9,2,0,3,0,3,1,3,5,2,0.765535665990176
2,0,9,2,0,3,0,2,7,1,3,6,0.8593430450548359
2,1,9,1,2,1,0,2,5,2,4,2,0.5115312304993194
3,0,9,1,0,1,0,2,5,1,4,-2,0.5324038955403332
1,1,9,2,0,3,0,2,1,11,NA,-2,0.9267919942398261
1,0,13,2,0,3,0,2,2,4,5,2,1.0602902870021205
3,1,9,2,2,2,0,2,7,1,2,6,0.8516145304354779
6,1,9,1,0,5,1,2,1,3,4,1,0.47541950240239866
6,1,9,1,0,5,0,2,1,3,4,2,0.47541950240239866
7,1,9,1,0,4,1,2,1,3,4,1,0.507187011100943
5,1,9,2,0,2,0,3,1,2,5,3,0.8931806124365737
7,1,9,2,0,2,0,3,1,3,4,2,0.6627326065598343
6,1,9,2,0,2,0,3,1,3,4,-2,0.621222545412965
3,1,12,2,1,2,0,1,8,11,NA,-2,0.7578118205075807
2,0,9,2,1,-2,0,3,3,1,3,-2,0.9529658181157241
4,1,12,2,0,2,1,3,1,-2,NA,-2,0.9901942885159362
4,0,9,1,0,1,0,2,1,1,3,-2,0.6958198714092779
7,0,9,2,0,2,0,3,1,3,5,-2,0.6838591341262492
4,0,9,4,0,2,0,3,1,1,4,-2,1.31900201582946
8,0,9,1,0,1,1,3,1,3,5,-2,0.6646306113602976
3,0,1,2,0,2,0,4,7,1,4,-2,0.7877075040709262
4,1,13,3,1,2,0,4,7,1,2,9,1.1613904322988449
7,1,9,1,0,5,0,4,1,3,5,-2,0.4100601190514328
7,1,9,2,0,2,0,2,1,3,3,-2,0.7605439977897674
3,0,9,2,2,4,0,2,7,2,4,-2,0.9949239589299302
2,1,9,2,2,2,0,2,1,2,5,5,0.9559183943388821
1,0,6,3,1,1,0,1,3,2,5,-2,1.573473919284024
6,1,9,1,0,5,0,3,5,3,3,-2,0.43855350443111635
-2,1,12,2,-2,-2,0,2,7,1,3,-2,0.7855768113417093
6,0,9,1,0,4,0,2,3,3,5,-2,0.5017242530892297
4,1,9,1,0,4,0,2,1,1,5,2,0.6990299668014541
2,1,9,2,1,3,0,2,7,2,4,4,0.8634995073688725
7,0,9,2,0,2,1,2,1,3,5,2,0.7859739063571626
-2,0,9,2,0,2,0,2,7,3,3,-2,0.7859739063571626
7,1,9,2,0,2,0,2,1,3,4,-2,0.6870140498530887
4,0,9,3,1,2,0,2,3,2,4,3,1.5159571834907515
5,1,9,1,0,-2,0,3,7,2,3,-2,0.5412597052542978
4,0,9,1,0,4,0,4,4,1,4,7,0.7714557547695118
3,1,9,2,2,2,0,4,7,1,2,-2,0.7578118205075807
7,1,9,3,0,2,1,3,1,3,6,1,0.856153522332282
1,0,9,3,0,1,0,2,3,4,5,-2,1.5189687847202114
6,1,9,2,0,2,1,3,1,3,3,4,0.621675552950377
4,1,9,2,0,2,0,3,1,2,3,-2,0.9909163574097851
6,0,9,1,0,1,0,3,7,3,2,3,0.4397429778852372
4,1,10,2,0,2,0,2,3,2,4,4,0.9285359750278338
6,0,10,2,0,2,0,2,4,3,3,3,0.6664507112177083
6,1,10,2,0,2,1,2,1,3,5,2,0.5825396981220997
7,0,11,1,0,5,1,2,1,3,5,1,0.5292710126627601
2,0,12,2,1,2,0,3,1,1,4,-2,0.9768468664001316
5,0,9,2,0,2,1,2,4,2,3,3,0.9320715966461615
3,0,9,3,1,2,0,3,5,1,4,4,1.147228104633682
2,1,9,2,2,3,0,3,3,2,4,-2,2.8375461890195157
7,1,9,2,0,2,0,2,0,3,5,-2,2.25759723349874
7,0,9,2,0,4,0,3,1,3,-2,-2,2.6023207736062606
8,0,9,1,0,4,0,3,7,3,-2,2,2.529149587111058
2,1,12,2,1,2,0,3,7,1,3,7,2.859004208472615
8,1,9,1,0,-2,0,3,1,3,-2,-2,2.21071117815946
8,1,9,1,0,5,0,3,1,3,-2,3,2.21071117815946
6,0,9,2,0,2,0,2,1,3,4,-2,0.7290064252771538
7,1,9,1,0,4,1,2,1,3,5,-2,0.4629435879243834
2,1,9,1,1,1,0,3,5,2,5,2,0.5875017030601449
2,0,4,1,0,1,0,3,7,8,NA,-2,0.6721274603400196
2,1,9,1,1,1,0,3,7,1,2,3,0.5875017030601449
2,0,9,2,2,3,0,3,1,1,5,2,0.8814713564929697
2,1,3,1,3,4,0,3,1,11,NA,1,0.524703295420259
5,1,9,2,0,3,0,1,1,1,5,5,0.735171192777178
2,1,9,1,2,1,0,3,4,2,5,2,0.524703295420259
2,0,9,2,0,2,0,3,5,1,5,4,0.8814713564929697
6,1,9,1,0,4,1,3,7,3,2,1,0.39427391176291315
6,1,9,2,0,2,0,3,1,3,3,-2,0.5789618468261021
4,0,10,2,0,2,0,2,3,1,2,9,1.2045694501668025
3,1,9,1,0,1,0,3,1,1,4,3,0.5487548734330946
3,0,9,2,8,3,0,3,7,1,4,-2,0.9218766241591274
2,1,9,1,1,1,0,3,3,2,5,2,0.6031867998578574
2,1,9,2,1,3,0,3,3,1,4,3,0.8550529947775202
1,1,9,3,1,1,0,3,3,2,3,-2,1.3619086482688352
1,0,9,3,1,1,0,3,3,7,NA,6,1.5580826339874123
6,0,9,2,0,2,0,3,4,3,2,-2,0.7295380309117385
3,0,9,2,1,2,0,3,3,1,4,-2,0.8899428190701364
8,0,9,2,0,2,1,3,7,3,1,4,1.0010917474390666
1,1,9,1,0,1,0,3,7,7,3,1,0.6475429350112141
6,1,9,1,0,4,0,3,7,3,2,3,0.3914017361281484
4,1,10,1,1,4,0,3,7,1,2,-2,0.819244200925106
5,0,10,2,0,2,0,3,1,1,4,-2,1.1047015706499914
4,1,10,2,0,3,0,3,7,1,2,5,1.202999035488782
2,1,10,2,0,3,0,3,7,1,2,-2,1.0119980508855102
7,0,10,1,0,5,0,3,1,3,4,-2,0.6272978611213111
4,0,1,2,2,2,0,3,7,1,3,-2,1.1911150957283323
1,1,11,1,0,1,0,3,3,1,3,2,0.7359222431439547
6,1,11,2,0,2,0,3,7,3,2,8,0.6531877197583934
4,1,11,3,0,2,0,3,7,1,2,9,1.3440268602624992
4,1,11,2,0,2,0,3,7,1,3,7,1.0411450038464931
1,1,11,2,0,1,0,3,7,1,3,3,1.0806469520287192
2,0,7,1,0,1,0,1,1,1,5,3,1.2195372372719528
3,0,12,2,0,1,0,1,0,1,5,-2,1.6291967315969114
3,0,12,1,0,1,0,1,7,1,5,3,1.1094854901397404
3,1,2,6,4,2,0,1,7,11,NA,-2,1.8383480956382263
4,0,8,1,0,4,1,1,7,5,NA,-2,1.5758405816090548
1,1,9,2,1,3,0,1,5,11,NA,1,2.099395624710649
4,1,3,3,2,4,1,1,5,2,3,1,2.6110693271577334
4,0,1,1,0,4,1,2,1,5,NA,1,1.5758405816090548
6,0,4,1,0,4,0,1,7,3,2,3,0.9893629727977239
7,1,9,1,0,1,1,1,1,3,3,1,0.9225805045518939
3,0,9,1,0,1,1,3,7,5,NA,1,1.2068959201411933
2,1,12,2,0,3,0,2,7,1,2,3,1.702756911509919
2,1,9,2,0,3,0,1,7,1,2,6,1.5343530975386808
2,0,13,1,0,1,0,1,7,9,NA,-2,1.1954073464902553
4,1,12,2,1,4,0,1,1,1,-2,9,1.8239415528746703
1,0,9,2,0,3,0,1,7,1,3,5,2.1658383545833475
6,1,9,2,0,2,0,1,0,3,6,2,0.6590029371598003
2,0,9,2,1,1,0,1,1,1,3,3,1.0109215735782393
1,0,9,2,0,1,0,1,1,1,4,-2,1.2473136677536159
2,1,12,2,2,2,0,1,7,1,3,4,0.8836391624841557
2,1,9,1,1,1,0,1,1,4,5,3,0.6017596342305731
6,0,1,1,0,1,0,1,7,1,2,8,0.5134261166501938
4,0,9,2,0,2,0,1,7,1,3,-2,1.2017193876068144
4,0,2,2,4,2,0,3,8,1,4,-2,1.318922450470194
3,0,9,1,0,1,1,3,0,5,NA,1,0.6873980816215711
6,0,2,4,0,2,0,3,0,3,5,-2,1.0681759149053585
2,0,2,3,0,1,0,3,7,1,-2,-2,1.4322881092164819
2,0,7,2,3,2,0,1,5,1,3,9,1.1095162255077498
-2,1,9,1,0,1,-2,1,3,2,5,-2,0.6008496415674623
3,1,7,2,2,3,0,2,5,1,5,4,0.8823029060971241
4,1,9,2,0,1,1,1,1,5,NA,1,1.1528604789685326
3,0,9,1,0,4,0,1,4,1,4,1,0.6139216904627057
3,1,2,2,3,2,0,1,1,11,NA,2,0.7879930219379108
6,1,7,1,0,5,1,1,8,3,6,1,0.4399023701424121
3,0,9,1,0,1,1,1,7,-2,NA,1,0.6139216904627057
4,1,9,1,4,4,0,2,6,2,5,1,0.7775713795472208
6,0,7,3,0,2,1,2,1,3,5,-2,1.0579330872140649
3,1,2,1,3,2,0,2,5,4,3,-2,0.5950880443800773
-2,0,-2,2,-2,2,-2,2,1,4,5,-2,0.9997136863650077
3,1,12,3,0,-2,0,2,1,1,5,-2,1.128053915079475
6,1,9,2,0,2,0,2,8,3,3,-2,0.7163396031248229
5,0,9,2,0,2,0,2,1,3,4,-2,1.0485082754425517
-2,0,12,2,0,3,0,2,1,1,5,2,1.3062751933940584
4,1,9,1,1,1,0,2,7,2,3,-2,0.7064824293455667
7,1,9,2,0,2,1,1,1,3,3,-2,0.6943384089177453
4,0,3,5,0,-2,0,2,8,1,5,-2,1.9210652626478868
3,1,12,2,0,3,0,2,1,1,5,2,0.995505902043478
6,1,9,1,0,5,0,3,7,3,3,-2,0.5557478221351457
1,1,9,4,2,1,0,3,3,2,5,-2,1.7428990096538735
3,1,9,2,-2,1,1,2,1,4,-2,-2,0.9820075257280746
3,1,6,2,1,2,0,3,7,2,-2,3,0.9820075257280746
2,0,9,2,1,3,0,3,1,4,-2,1,1.234897081078049
-2,0,9,2,0,2,1,3,1,3,4,-2,0.9209650704397
6,0,9,2,0,2,1,2,1,3,-2,2,0.9209650704397
6,0,9,3,0,2,0,3,1,3,4,-2,0.961212252919165
6,1,9,-2,0,2,0,3,1,3,6,-2,0.7425851194610059
2,1,9,1,1,1,0,3,1,11,NA,-2,0.6780815754749276
5,1,9,1,0,1,1,3,1,5,NA,-2,0.6470006696529386
5,1,9,2,0,-2,0,3,1,11,NA,-2,0.9500722503426502
4,0,9,1,0,1,0,3,1,1,5,-2,0.9221680186020541
2,1,9,2,1,3,0,3,1,1,3,5,0.9007097931909597
6,0,10,1,0,4,0,3,4,3,3,2,0.5233447667108404
4,1,12,2,0,3,0,3,1,4,5,4,1.0707066199543591
5,0,10,1,0,4,0,4,1,1,5,2,0.6695735306073927
6,1,9,2,0,2,1,4,1,3,3,-2,0.6717339208605774
-2,1,10,2,2,2,0,4,7,2,5,-2,0.8194292194042211
5,0,10,2,0,2,0,4,3,3,4,-2,0.9832188138773885
7,1,10,1,0,5,1,4,1,3,5,1,0.4880187476203393
6,1,9,1,0,4,1,3,1,3,5,1,0.5000532142180597
3,0,-2,1,0,1,1,3,7,2,5,1,0.6978673801977383
4,1,9,1,2,4,0,3,4,2,5,1,0.7970570938368021
6,0,11,2,0,2,1,3,1,3,4,1,0.8400606378933061
5,0,9,2,0,2,0,3,1,2,2,2,1.0747835901248297
6,0,9,2,0,2,0,2,1,3,3,-2,0.9599259535707989
-2,1,9,1,0,1,0,2,7,1,2,-2,0.697039657640263
7,0,9,1,0,1,1,2,1,3,4,-2,0.6973919987094322
3,1,9,2,3,2,0,2,4,2,3,-2,1.02355077386178
5,0,9,2,0,1,1,2,1,3,3,-2,1.2281407032951097
5,1,9,4,0,2,0,2,7,2,4,-2,1.2331634861200391
3,0,9,2,0,1,0,4,6,11,NA,1,1.0420059831623572
8,0,9,1,0,5,1,4,0,3,4,1,0.8856474242610578
5,0,9,1,0,5,0,3,5,3,4,2,0.7442426154581607
3,0,9,2,0,2,0,3,8,1,5,2,1.0420059831623572
-2,1,9,2,2,-2,0,1,8,-2,NA,1,0.9108098178239171
-2,1,2,2,2,2,0,1,6,11,NA,-2,0.9108098178239171
7,1,9,1,0,5,1,2,1,3,4,1,0.4928489794206816
3,1,9,1,0,1,0,2,5,1,3,3,0.5635557668858554
6,1,9,2,0,2,1,1,1,3,5,2,0.6783824985263547
6,1,13,1,0,5,0,2,4,1,5,2,0.46197952910327406
6,1,9,1,0,1,0,2,5,3,3,1,0.46197952910327406
3,1,9,2,2,2,0,4,7,1,3,-2,1.1512487996953988
1,1,9,2,0,-2,0,4,5,4,5,-2,1.561352078138099
5,1,9,2,0,2,1,4,7,2,3,-2,1.2074395999948395
1,1,9,4,0,1,0,4,3,2,5,-2,2.015568555380283
2,1,9,5,0,-2,0,4,1,1,4,-2,1.6335760509459483
6,1,9,2,0,2,0,4,1,3,5,2,0.7538728764833076
6,0,9,1,0,5,0,3,1,3,5,2,0.5873388441770774
4,1,9,2,0,2,0,3,1,1,5,3,1.2016315603365928
3,1,9,2,2,3,0,3,1,1,5,2,0.9196282092101594
-2,1,9,2,2,1,0,3,1,2,5,2,0.9196282092101594
2,1,9,2,1,2,0,3,7,1,3,4,0.9096246906352996
1,0,9,3,2,1,0,2,7,9,5,3,1.6575235015623788
4,1,9,2,3,3,0,3,1,1,3,3,1.0813040840676937
5,0,9,5,2,2,0,2,3,4,4,-2,1.2818117974359313
6,0,9,1,0,5,1,3,7,5,NA,2,0.5821309950407941
1,0,9,2,0,3,0,3,1,1,5,1,1.4649714064959813
3,0,9,1,1,2,0,3,3,2,5,1,0.7356065534457744
2,0,9,2,2,2,0,1,3,1,4,3,1.1873286069006541
4,0,9,1,0,1,0,3,4,1,3,7,0.9611797917443714
2,1,9,2,2,3,0,3,1,11,NA,2,1.0018846494799192
7,1,9,1,0,5,1,3,1,3,5,1,0.5428368777551117
6,1,9,2,1,5,0,3,1,3,4,1,0.7471883940119307
2,1,9,2,3,2,0,3,3,11,NA,3,1.0018846494799192
3,0,9,1,0,1,1,3,7,1,3,2,0.6398932848276734
6,1,9,2,0,2,1,3,3,3,2,-2,0.6732909548319161
6,1,9,1,0,5,0,3,1,3,6,-2,0.458512179984635
-2,1,9,1,0,1,0,3,1,-2,NA,-2,0.5593260457217843
4,1,9,3,0,2,0,3,1,1,5,2,1.592614825000242
2,1,9,2,3,2,0,3,1,2,3,1,1.037835261623262
3,0,1,2,2,2,0,3,7,1,5,-2,1.0801833852411897
2,1,10,1,3,1,0,3,3,2,4,2,0.7067674158649613
3,0,9,3,1,3,0,4,1,1,5,-2,1.5324194379924967
5,1,9,2,1,2,1,4,1,5,NA,-2,1.088264942133124
6,0,9,2,0,2,0,4,7,3,2,-2,0.9731208033216842
2,1,9,2,2,2,0,4,7,11,NA,-2,1.140543497260362
2,1,9,2,2,2,0,4,7,1,2,-2,1.140543497260362
6,0,10,2,0,2,1,3,0,3,4,2,0.8010034080310955
5,0,10,2,0,2,0,3,4,1,2,5,1.0248133048405326
4,0,10,2,0,2,0,3,1,1,3,3,1.2767550140778212
3,1,10,2,1,4,1,3,5,4,6,-2,0.854094688352107
4,0,10,2,2,2,0,3,5,1,2,4,1.2767550140778212
2,1,12,2,0,3,0,3,7,1,2,5,0.9388137887863579
5,0,9,1,0,4,0,3,4,1,5,3,0.9635818369216291
1,1,9,1,2,1,0,4,5,11,NA,1,1.089134527760985
4,1,11,3,2,2,0,4,5,1,3,1,1.9891042476123848
5,1,9,2,0,4,0,3,5,2,3,2,1.2367957922908455
5,1,11,1,0,1,0,3,6,1,5,2,0.8422598444986832
6,1,9,2,0,2,1,3,1,3,6,-2,1.063323197370582
4,0,9,2,0,2,0,3,7,1,3,-2,1.9390142737139875
5,1,9,1,0,1,1,3,1,5,NA,-2,0.9264538202107034
3,0,13,2,1,3,0,3,4,1,3,3,1.483959212646713
5,0,9,1,0,1,1,1,0,3,4,1,1.1867565131295448
2,1,9,2,2,3,0,1,1,11,NA,2,1.596423939487696
5,1,9,2,0,2,0,1,1,2,3,5,1.5232494072340623
4,1,9,2,0,1,1,1,0,5,NA,1,1.8977274291728539
4,1,9,2,0,2,0,1,1,1,4,4,1.8977274291728539
3,0,9,1,0,1,1,3,1,5,NA,1,1.0105785154484788
6,0,10,1,0,1,0,3,3,3,4,-2,0.8284301467956315
5,0,9,2,0,2,0,3,7,6,NA,2,1.556389130308654
6,0,9,2,0,2,0,3,7,3,2,-2,1.2164879121995555
4,0,7,1,1,1,1,2,1,2,5,1,1.3207653410474873
1,1,9,2,1,1,0,3,1,1,5,1,1.7595745474667945
3,0,9,2,0,3,0,2,4,1,5,3,1.4842891927770965
6,0,12,1,0,1,0,2,4,3,4,2,0.82861436040846
7,0,9,1,0,5,0,4,0,3,5,-2,1.1247183631426068
2,1,9,2,0,2,0,4,5,1,2,-2,1.8144694280654399
8,1,9,1,0,5,1,4,7,3,2,-2,1.4030297105424125
2,0,10,1,0,1,0,3,7,1,3,-2,1.1551345510830524
2,1,10,1,1,1,1,3,5,7,NA,1,1.0096946726169962
2,1,10,2,2,3,0,3,6,2,5,-2,1.482661355337993
5,1,10,3,0,3,0,3,1,1,3,4,1.826255273036487
3,1,10,1,1,1,0,3,1,1,3,3,0.9185792401434831
4,0,9,1,0,1,0,2,3,1,4,3,0.7766604783024601
5,1,9,1,0,4,0,3,1,1,5,1,0.5449113821106267
4,0,10,3,1,3,0,3,3,1,3,6,1.4722441519544662
6,0,9,2,0,2,0,3,1,3,4,3,0.7155004330456238
2,0,9,2,0,1,0,3,1,4,5,1,0.9593951221801226
2,1,9,1,2,1,0,3,3,11,NA,1,0.5100441319566874
1,1,9,1,1,1,0,3,5,11,NA,-2,0.62931194028759
3,0,9,2,2,3,0,3,5,1,5,-2,0.7795226332061758
2,1,9,1,2,1,0,3,1,11,NA,1,0.5100441319566874
6,0,9,2,0,2,0,2,0,3,5,1,0.7963555430419873
2,0,9,1,2,1,0,1,3,4,3,2,0.7271813117613352
4,0,5,2,0,1,0,2,7,4,5,1,1.2693465750248765
5,1,9,2,2,2,1,2,1,4,5,1,0.8905840015008845
6,0,9,1,0,4,1,2,1,3,3,2,0.5423193546008418
4,1,9,-2,-2,1,0,2,1,1,5,-2,0.7555893064930065
2,0,12,1,0,1,0,3,1,1,5,-2,0.5836423880382647
2,1,1,2,2,2,0,3,7,1,3,-2,0.7491283273192468
3,0,6,1,0,1,0,3,1,4,5,-2,0.5309741606639952
6,0,9,1,0,1,0,3,1,3,4,-2,0.43527048629996945
5,1,9,2,0,2,0,2,4,2,3,3,0.7930668230154058
2,1,9,1,0,1,0,3,3,1,5,2,0.5660243214273791
3,1,9,2,2,3,0,3,1,2,4,-2,0.8491387583778108
8,0,9,1,0,1,0,3,1,3,-2,1,0.825680113982839
3,0,9,-2,-2,1,1,3,1,4,5,1,0.6615600487154871
4,0,9,2,0,2,0,3,1,4,5,1,1.2693465750248765
7,1,9,1,0,1,1,1,8,3,2,-2,0.5057125418602013
7,0,9,1,0,5,0,3,7,3,2,3,0.4677627610726211
4,1,9,1,1,1,0,3,5,2,2,2,0.6108930910946511
6,1,9,2,0,2,0,3,1,2,5,1,0.562786807664213
1,1,9,2,0,1,0,3,1,1,5,2,1.0346970556939088
-2,1,9,1,0,5,0,3,3,3,6,1,0.4259076966350134
3,1,9,2,1,1,0,3,1,1,5,2,0.7629244935174813
3,1,9,2,0,1,0,3,1,1,5,2,0.7629244935174813
4,1,2,3,1,2,0,3,7,11,NA,-2,1.286877858190802
5,0,9,1,0,1,1,2,1,5,NA,1,0.6400458527585263
4,1,9,1,0,2,1,3,1,5,NA,-2,0.6969977811148224
4,1,9,1,0,1,0,3,1,1,5,-2,0.6969977811148224
5,0,9,2,0,2,0,1,1,1,4,3,0.9398596202055898
4,0,9,2,2,2,0,2,7,1,3,-2,1.1709161824489478
2,0,9,1,1,1,0,3,7,1,2,4,0.647084536501693
2,0,9,3,0,1,0,3,4,1,4,-2,1.2266189040119775
2,1,9,1,0,1,0,3,4,1,3,3,0.5656118662765389
2,0,9,1,2,1,0,3,1,1,5,-2,0.647084536501693
2,1,9,2,1,2,0,3,2,2,3,2,0.8305588600118639
6,1,10,1,0,5,0,3,1,3,5,2,0.39555713687455585
5,0,10,2,0,2,0,3,4,1,5,3,0.8501861553561417
3,1,10,4,0,1,0,3,1,2,5,-2,0.9146859815589591
5,1,10,2,0,4,0,3,1,2,3,3,0.7431415076200097
2,1,10,1,3,1,1,1,1,11,NA,-2,0.530391835048387
6,1,10,1,0,5,0,2,1,3,5,-2,0.39555713687455585
6,0,10,1,0,1,1,1,1,3,6,1,0.45253454150352834
3,1,10,3,2,3,0,1,5,1,3,-2,0.9146859815589591
3,0,10,2,2,3,0,1,1,4,5,-2,0.8106209129430465
3,1,10,2,0,4,0,1,1,1,5,-2,0.7085578182585875
6,0,11,1,0,1,1,1,7,3,2,-2,0.4946779824671957
4,0,13,1,0,1,0,1,1,2,3,1,0.7884892725005416
4,0,11,1,0,1,0,1,1,4,5,1,0.7884892725005416
2,0,2,1,0,1,0,1,1,1,5,-2,0.6633002881756036
2,0,11,3,0,1,0,1,7,1,2,2,1.25735761962635
2,1,6,1,4,4,0,1,7,11,NA,1,0.5797859363554543
2,1,9,2,2,2,0,2,5,4,6,3,0.851372425264607
6,1,11,2,0,1,0,1,1,3,5,1,0.6349389577629756
4,1,-2,1,2,1,0,1,0,2,5,2,0.7909938041853042
2,0,12,2,1,2,0,1,0,1,4,2,1.1178457789180507
3,1,12,2,2,2,0,1,5,2,4,-2,0.8889266841108577
4,1,7,1,2,2,0,1,3,2,3,-2,0.7909938041853042
5,1,13,1,0,2,0,1,0,4,6,2,0.6349072184071455
1,0,6,3,0,1,0,1,1,1,4,4,1.7804789212339123
2,0,9,3,2,1,0,1,2,1,4,4,1.4430408319170416
4,1,10,3,2,2,0,1,0,11,NA,3,1.4994145253655062
5,1,9,2,0,1,0,2,5,1,3,4,0.9323139187389705
6,1,7,2,0,2,0,1,3,3,3,-2,0.7287050458238797
2,1,-2,2,3,2,0,1,3,4,6,-2,0.9771008292693698
3,0,12,4,0,3,0,1,4,1,4,4,1.31281999086192
2,1,7,1,2,1,0,1,1,1,5,3,0.6654071736415016
4,1,5,1,0,1,0,1,0,3,6,1,0.7909938041853042
-2,1,9,2,0,2,0,1,8,3,-2,-2,0.8450346518944025
6,1,9,2,0,-2,0,6,4,3,4,-2,0.7921061559608118
7,0,9,2,0,2,0,2,0,3,-2,-2,0.9667563370772934
3,1,9,1,1,1,0,2,7,11,NA,-2,0.6580299361307299
6,0,9,2,0,2,1,3,4,3,4,2,0.9068646607574844
3,1,9,2,1,2,1,3,1,1,4,5,0.9669725272593781
6,0,9,1,0,1,-2,3,0,3,6,1,0.6175762344211874
3,1,9,2,-2,2,0,1,8,1,5,-2,0.9756232383257835
7,0,9,2,0,2,0,2,4,3,4,-2,0.9761163984080394
2,1,9,1,2,1,0,3,3,2,5,2,0.73030398699604
6,0,9,3,0,-2,0,3,1,3,6,-2,1.1811558570190794
2,0,9,2,1,3,1,4,7,4,3,-2,1.1040140520122175
1,0,9,3,0,1,0,3,1,1,3,-2,1.935389801608029
2,1,9,2,3,3,0,3,1,1,5,-2,1.0621136580488866
3,1,6,2,4,2,0,3,1,-2,NA,-2,0.9662679059480836
2,0,9,2,0,3,0,3,1,1,5,-2,1.2151041466917478
8,1,12,1,0,-2,0,3,1,3,5,-2,0.8212742497426784
5,1,12,2,0,3,0,3,1,4,6,1,1.0134300545238335
1,0,2,3,4,1,0,2,3,9,NA,-2,2.0062993317155424
3,0,6,2,2,2,0,1,7,1,3,-2,1.016970727927813
3,1,6,2,1,2,0,1,4,2,3,3,0.8889266841108577
6,0,9,1,0,2,0,1,2,3,3,2,0.567730704620566
3,0,9,4,0,2,0,1,5,1,3,-2,1.31281999086192
3,0,7,3,0,1,0,1,2,1,5,4,1.31281999086192
7,0,9,1,0,5,1,2,1,3,5,1,0.593814678227246
2,1,9,1,2,1,0,2,3,2,5,1,0.6523863934544211
2,1,6,1,1,1,0,1,5,1,5,-2,0.8949884891072146
6,1,9,1,0,1,1,1,0,3,5,2,0.6674670703681508
2,1,9,1,2,1,0,1,1,11,NA,2,0.8949884891072146
5,0,9,1,0,1,1,1,0,3,5,1,0.9769734129085336
4,1,9,6,3,2,0,1,0,4,4,3,2.0167482313998724
2,1,9,1,3,1,0,1,1,1,4,2,0.9822762479905336
6,1,9,2,0,2,0,1,1,3,5,-2,1.0757167741165543
7,0,9,2,0,2,1,1,1,3,4,-2,1.1725631507281487
4,1,13,1,1,5,0,1,7,10,NA,1,1.0428549519220782
2,0,6,2,1,3,0,1,4,1,5,2,1.473780198860803
2,1,9,2,3,3,0,1,7,1,3,2,1.288220505570507
3,1,7,1,3,1,0,1,5,11,NA,2,0.7981138841205261
3,1,9,2,0,1,1,2,1,5,NA,1,1.4605257344438713
4,1,9,1,0,1,0,2,1,2,4,-2,1.2996198982977314
3,1,9,3,2,3,0,1,3,1,3,2,1.8854105911712191
2,0,9,2,0,1,0,1,1,1,4,2,1.8366447497099323
5,1,9,1,-2,1,0,2,1,2,5,1,1.043166267863063
5,1,9,1,0,1,0,2,1,3,-2,-2,0.8433987358269162
5,1,9,2,0,2,0,3,1,1,5,2,1.2384681693035167
3,1,9,3,0,1,1,2,1,4,-2,3,1.524352309019662
2,1,9,1,4,1,1,3,1,4,-2,2,0.8839142992693492
7,0,9,1,0,4,1,3,1,3,4,2,0.8861590475130597
5,0,9,1,0,1,1,3,4,5,NA,-2,1.0627495687007302
6,0,9,3,0,2,0,3,1,3,4,3,1.5745961244365716
3,0,9,3,0,2,0,3,1,11,NA,-2,1.9208052966433042
4,1,10,2,0,4,1,1,4,5,NA,1,1.5924466274566849
3,0,10,1,0,1,-2,1,1,4,5,1,0.9495032371808306
5,0,10,1,0,4,1,1,1,3,4,1,0.9958471263542369
4,1,10,1,0,1,0,1,4,1,5,1,1.084458612468103
8,0,9,3,0,2,0,3,1,3,6,-2,1.9619162368789305
7,0,9,2,0,2,0,3,1,3,4,-2,1.0649228394880166
6,1,9,3,0,2,0,1,5,3,4,-2,0.8633937753660732
7,1,5,2,0,2,0,1,0,3,6,-2,0.7135153395803199
4,1,9,2,1,2,0,3,1,2,3,7,1.1700423616818356
7,0,9,2,0,2,-2,3,1,3,5,-2,0.8959051160515211
6,1,9,1,0,5,0,2,7,3,2,-2,0.5563826525601012
6,1,9,2,0,2,0,2,7,3,2,-2,0.8170064476949294
3,1,9,1,0,1,0,2,7,1,2,1,0.6787154683111524
6,0,9,2,0,2,0,2,7,3,1,-2,0.9346908543589303
6,0,9,2,0,2,0,1,7,3,2,3,0.7556964879339689
5,0,9,2,0,2,0,2,7,3,2,-2,0.966847091399552
6,0,9,2,0,2,0,2,1,1,4,-2,0.7556964879339689
5,1,9,2,-2,2,0,2,8,3,6,-2,0.8451139795845107
3,0,9,2,3,2,0,3,7,1,2,-2,1.0244365227799628
5,1,9,3,0,-2,0,6,7,1,3,3,1.2447387118321322
6,0,9,4,0,2,1,2,6,3,5,2,1.1130388274838978
2,1,9,1,1,1,0,2,4,2,5,1,0.5987772651821507
-2,0,9,2,0,2,0,4,1,1,3,-2,1.5214073800360757
3,1,9,2,2,2,0,6,7,1,2,-2,1.1612083484606466
4,0,9,1,0,1,0,3,2,5,NA,-2,1.1821151883146244
1,1,9,3,0,1,0,4,5,9,NA,-2,1.567728768725005
2,0,9,1,0,1,0,4,1,1,3,3,0.7668432317114834
1,1,9,1,0,1,0,3,7,1,3,3,0.8270319659616807
5,0,9,2,0,2,0,4,1,3,4,-2,1.3450492415276356
4,0,9,3,0,2,0,3,5,1,3,9,1.7543062354752337
-2,1,11,3,0,2,-2,3,7,3,2,-2,0.9620323794211685
7,1,9,1,0,1,1,2,1,3,-2,-2,0.5514426256699427
6,1,9,2,0,2,0,2,1,3,3,-2,0.759033784823155
5,1,9,2,0,4,1,2,5,5,NA,1,0.9711168688061773
2,1,7,3,0,1,0,2,7,1,4,2,1.3012503504501367
4,0,9,4,0,2,0,1,7,1,-2,-2,1.7696564849728775
7,1,9,1,0,5,1,3,1,3,5,1,0.49249859433105003
5,1,9,3,0,2,0,4,1,1,3,4,1.2425109538467032
7,1,9,2,0,2,0,4,1,3,5,-2,0.8025724284220374
2,0,9,2,0,1,0,2,4,1,2,3,1.0477742916388864
5,0,9,2,0,2,0,2,7,2,2,1,0.999747954898622
6,0,9,1,0,5,1,2,1,3,2,3,0.5321428484090283
6,0,9,2,0,2,1,6,8,3,6,1,0.7757197328162129
1,0,9,2,1,1,0,2,7,9,NA,-2,1.283366388465542
6,0,9,-2,0,2,0,2,7,3,2,2,0.7757197328162129
3,1,12,2,3,2,0,1,3,1,3,2,0.7575704008972021
6,1,12,2,0,2,0,1,7,3,2,6,0.621024639678569
2,1,9,2,0,1,0,1,7,1,3,-2,0.8327150935816345
1,0,12,4,0,1,0,1,2,7,NA,-2,1.5173783780575307
3,1,12,2,0,2,0,1,7,1,3,4,0.7575704008972021
2,0,12,2,0,1,0,1,7,1,3,-2,0.9526622273953272
2,0,5,2,0,2,0,1,7,1,3,3,1.12415079794679
2,0,5,1,0,1,0,1,1,1,4,2,0.7655484293959154
8,1,9,1,0,2,1,1,0,3,3,1,0.7597999773887639
3,1,9,2,1,2,0,1,5,11,NA,-2,0.8939405239125332
2,1,9,2,0,2,0,1,7,1,3,2,0.9826120003429898
2,1,9,3,0,1,0,4,7,1,2,3,1.392178701937418
4,0,9,1,0,1,1,3,3,5,NA,-2,0.9899345118026895
3,0,9,2,2,2,0,1,7,1,2,4,1.1124982249007798
6,0,9,1,0,5,0,2,0,3,4,-2,0.6210595681539426
4,1,9,-2,-2,3,0,2,8,11,NA,2,1.145209871181123
2,1,8,1,1,1,0,-3,7,1,6,1,0.6560660679698119
7,0,9,2,0,2,1,6,8,3,5,-2,0.8768907999784602
4,1,9,2,3,2,0,3,2,1,4,-2,1.145209871181123
2,1,9,2,1,3,0,2,7,1,2,4,1.2257437295137437
2,0,9,2,1,3,0,2,1,1,4,4,1.4023040540214995
3,1,9,3,0,2,0,2,5,1,3,6,1.254402657839261
2,1,9,1,0,1,0,3,4,1,3,3,0.7273806978510617
6,0,9,1,0,1,1,3,1,3,6,-2,0.6206070094772814
7,1,11,2,0,5,1,3,1,3,4,-2,0.8710966920272126
1,0,11,2,2,1,0,3,3,2,5,-2,1.5454806283549187
5,1,9,2,0,2,0,3,7,2,2,5,0.7726332338100684
1,1,9,2,1,1,0,4,1,11,NA,2,1.2956163525477915
5,0,9,1,0,4,1,4,0,3,6,1,0.7806054811303379
4,1,9,1,0,4,0,4,1,2,5,2,0.8500645476085626
5,0,1,4,0,2,0,1,7,1,3,5,1.5427544922600616
3,1,1,3,2,2,0,1,7,1,3,4,1.2857545965171742
3,1,1,2,0,2,0,1,7,1,2,-2,0.9960046290109625
2,1,9,3,1,1,0,2,3,1,5,-2,1.4132907752121886
6,0,9,1,0,4,1,3,4,3,5,1,0.6914637357870832
-2,1,-2,2,3,2,0,-3,8,-2,NA,-2,1.190053284327474
4,0,12,1,0,1,0,2,1,4,4,1,0.9938752132108676
2,1,2,2,2,2,0,2,1,11,NA,-2,1.0731381899442825
5,0,9,2,0,2,0,2,7,3,6,-2,1.3000147601275376
4,0,9,1,0,1,0,2,1,5,NA,1,1.1425360094880816
7,1,9,2,0,2,0,2,1,3,4,-2,0.9815156124964507
-2,0,9,2,0,-2,0,2,0,3,-2,-2,1.0525641929736282
3,1,9,2,3,2,0,4,5,1,3,8,1.109793388023498
2,0,11,1,0,4,0,4,3,1,5,2,0.9503994532397869
3,1,9,3,0,2,0,1,5,1,3,-2,0.8999668076840518
1,0,9,3,0,1,0,1,5,2,4,-2,1.3963704727952932
1,0,9,4,0,1,0,1,5,2,3,-2,1.3963704727952932
4,0,9,3,0,2,0,1,7,3,6,-2,1.3453275730249306
2,1,9,2,1,2,0,1,2,1,3,4,0.7663077224132411
3,1,12,2,2,2,0,1,1,11,NA,3,0.6971556693925939
2,0,9,2,1,3,0,3,7,1,4,5,0.9621923606906964
5,0,9,4,0,2,0,3,6,1,4,5,1.1851721001969653
4,1,9,2,3,3,0,3,1,2,5,5,0.9997812743099813
1,1,1,5,0,1,0,1,1,2,5,-2,1.205454596758656
5,1,12,2,0,2,0,4,5,2,2,5,0.7221355047621263
1,1,6,3,2,1,0,3,1,2,2,-2,1.205454596758656
4,0,9,2,3,2,0,4,7,1,2,-2,1.0292574626636777
4,1,1,4,0,2,0,4,5,2,3,-2,1.1613904322988449
7,0,9,1,0,5,-2,2,0,3,6,2,0.5167084039271247
7,1,9,1,0,5,0,3,4,3,3,-2,0.45165104121635613
3,1,9,2,2,2,0,2,7,2,2,-2,0.758364431595451
6,0,9,2,0,2,0,2,1,3,3,-2,0.71122382860095
3,1,9,2,2,2,0,3,3,1,3,-2,0.8696557643857848
7,1,9,2,0,2,0,3,3,3,3,-2,0.7605439977897674
7,1,9,2,0,2,0,3,1,3,4,-2,0.7605439977897674
4,0,9,1,0,1,0,4,7,1,2,5,0.7714557547695118
7,0,9,1,0,-2,1,4,1,3,4,-2,0.5163318846953282
4,1,9,2,2,2,0,3,3,11,NA,5,0.8996664291864671
5,1,11,3,0,2,0,2,4,2,3,2,1.051728137837248
3,1,9,2,0,2,0,3,7,1,2,5,2.5814843762875817
6,0,9,2,0,3,1,2,7,3,2,3,0.7360646100434736
3,0,9,2,0,3,0,2,7,1,2,5,0.8979044084394004
4,0,9,1,0,1,1,2,0,5,NA,1,0.7989824543704023
6,0,9,1,0,4,1,3,0,3,4,2,0.5012611361232783
4,0,9,3,0,2,0,3,7,1,2,5,1.5145578780216462
1,0,9,3,0,1,0,2,3,7,NA,-2,1.6139912902292624
5,0,9,1,0,2,0,3,1,3,6,2,1.2658027764600082
5,0,9,1,0,1,1,1,0,3,5,1,1.140614022944848
4,0,12,3,1,2,0,1,3,1,4,3,1.5513143024983447
5,0,2,5,0,2,0,1,3,1,3,-2,1.2451938857964884
3,0,9,2,0,1,1,1,0,5,NA,1,1.0093928382450477
1,1,9,3,0,1,1,1,3,4,6,2,1.5447069254886756
3,1,12,2,2,2,0,1,1,2,5,3,0.8823029060971241
3,1,12,1,4,1,0,1,1,2,5,1,0.5366244648149614
5,1,9,3,0,1,0,1,8,1,2,-2,1.0749473171574275
8,0,9,1,0,1,0,1,8,3,2,2,0.7720179306088683
2,0,13,1,0,1,0,3,7,1,1,4,0.679920712605531
3,0,9,1,0,-2,0,3,8,1,3,-2,0.7812854550486306
7,0,9,2,0,2,0,3,1,3,4,-2,1.0033180046781578
4,1,9,1,-2,-2,0,3,8,1,3,-2,0.8923315975616711
6,1,9,1,0,1,0,3,5,3,3,-2,0.5598259986133596
4,1,10,2,0,2,0,3,5,1,5,5,1.0707066199543591
2,1,9,1,1,1,0,3,7,1,3,3,0.6133847601035972
4,1,11,2,0,2,0,3,5,11,NA,6,1.1704189227490456
2,1,9,1,1,1,0,3,7,1,3,2,0.6705077906231082
6,0,11,1,0,1,1,3,1,3,5,1,0.5720825916871264
-2,1,5,1,0,1,1,3,1,-2,NA,-2,0.6202628924758219
3,0,9,2,2,2,0,2,1,1,4,1,1.0420059831623572
4,0,9,2,4,2,0,3,4,1,3,4,1.362529252371455
6,0,9,2,0,2,0,3,2,3,4,2,0.8548159691230102
2,1,9,1,3,1,0,3,1,2,4,3,0.6822849934778353
4,0,9,1,0,1,1,3,1,5,NA,1,0.8361161158342283
7,0,9,1,0,4,1,3,7,3,2,-2,0.5596087750253513
5,0,9,4,0,2,0,6,1,1,-2,1,2.0096085917786617
6,0,9,2,0,2,1,2,7,3,-2,-2,1.2167584161571137
4,1,9,2,0,1,0,3,5,1,5,1,0.8970509630019456
5,0,9,1,0,1,1,3,1,1,4,-2,0.5609768065668426
5,1,9,1,0,5,1,3,1,2,5,1,0.4903457285743603
7,1,9,1,0,5,1,3,1,3,5,-2,0.4500098674979466
4,1,5,1,0,1,0,1,5,3,-2,2,0.7909938041853042
1,1,7,3,0,1,0,1,7,2,5,-2,1.5563036183024563
5,0,9,4,0,1,0,1,0,3,5,-2,1.376896848926966
6,0,12,1,0,1,0,1,0,3,5,2,0.567730704620566
6,1,9,1,0,5,0,1,1,3,5,1,0.49624926152456866
5,0,9,1,0,-2,1,1,0,5,NA,-2,0.7263614284635604
5,0,6,1,0,-2,1,1,7,5,NA,1,0.7263614284635604
3,1,6,2,2,2,0,1,3,1,5,-2,0.8889266841108577
7,1,9,2,0,2,0,1,0,3,5,2,0.7773970825722784
5,1,9,1,0,-2,-2,2,0,3,5,-2,0.6906507010445592
3,1,5,-2,-2,-2,0,1,3,11,NA,-2,0.9669725272593781
4,1,9,3,0,1,0,1,1,1,3,3,1.6310598825732725
2,1,9,1,2,1,0,1,1,11,NA,1,0.7238284864811196
4,1,9,2,0,2,0,3,1,11,NA,-2,1.274797426208726
2,1,9,2,4,3,0,3,1,11,NA,3,1.0723969617090574
5,0,9,3,0,2,0,2,1,2,5,1,1.3598597392012464
3,1,9,1,1,1,-2,2,1,4,6,1,0.6821390812388319
4,1,9,1,0,-2,0,2,6,2,5,2,0.7755155273322386
2,1,9,2,-2,1,0,1,7,1,3,2,0.9579807842465538
6,1,9,1,0,5,0,1,1,3,3,-2,0.7325647843722377
4,1,9,4,0,2,0,1,0,4,6,3,2.2134406307919536
2,1,9,2,2,3,0,1,1,2,5,3,1.4423994427812619
3,1,9,2,1,1,0,1,1,1,3,2,1.3122364810535008
3,0,10,1,0,3,0,1,4,1,3,3,0.9495032371808306
3,1,10,2,0,1,0,1,4,2,3,3,1.2187253469445607
5,0,12,2,0,2,0,1,7,1,2,9,1.2931374610372044
3,0,12,2,0,2,0,1,7,1,2,-2,1.2329585263450047
8,0,9,2,0,2,0,3,1,3,2,-2,1.5197905253120216
5,0,9,2,0,2,0,3,8,3,6,-2,1.277136752755173
5,1,9,2,0,2,0,3,1,3,3,-2,1.1163359058485602
4,0,9,2,3,2,0,3,7,1,2,-2,1.5911100539399867
3,0,5,2,4,2,0,1,1,-2,NA,-2,0.9334022863575567
3,0,9,1,0,5,1,1,4,3,6,-2,0.6356483984361383
5,1,9,3,0,2,0,3,7,3,2,5,1.2123708828485606
3,0,4,3,1,2,0,2,7,1,3,-2,1.471901976449631
4,1,9,2,0,2,0,2,7,1,2,-2,1.0528781250255985
3,0,4,2,1,1,0,3,5,1,1,-2,0.921852781263327
3,1,9,2,-2,2,0,6,7,1,2,-2,0.9193592351078125
5,0,9,1,0,4,1,3,0,3,5,1,0.7512285312393628
1,1,-2,-2,-2,1,0,4,7,9,NA,-2,0.8491120320676063
3,0,4,2,1,2,0,3,7,1,2,-2,0.915137340504526
5,0,9,1,0,1,0,3,7,3,2,3,0.6536279242212314
3,0,9,2,2,3,0,3,5,1,3,9,0.915137340504526
6,1,9,2,0,2,0,4,1,3,3,-2,0.6605487795918606
6,0,9,2,0,2,0,4,7,3,3,-2,0.7556964879339689
7,1,9,2,0,2,0,4,1,3,6,-2,0.7046866178493584
4,1,9,2,2,3,0,4,7,1,2,7,1.4778368526185837
1,1,9,2,0,1,0,3,1,2,4,2,1.533907269859457
6,1,9,2,0,2,0,3,1,3,5,2,0.9189360374409762
5,1,9,2,0,2,0,4,1,3,6,-2,1.1756977161705042
2,1,9,2,2,2,0,3,5,2,3,5,1.2321764057691145
4,1,9,3,0,4,0,3,3,1,3,3,1.8908419123995415
1,1,10,1,0,1,0,1,5,2,3,3,0.7680969354256177
7,0,9,2,0,2,0,3,4,3,2,4,0.9095500452514
1,1,9,3,1,1,0,3,1,1,5,6,1.5916057928323613
5,1,9,1,0,1,0,2,7,1,2,2,0.6613320873252073
1,0,9,3,0,1,0,2,1,1,4,3,1.854582539433457
7,1,9,1,0,5,1,1,5,2,3,2,0.5514426256699427
2,0,9,2,1,3,-2,1,1,4,-2,-2,1.1643705739150665
6,1,9,2,0,2,0,2,1,3,5,1,0.6779002105994726
4,0,9,2,1,3,0,3,7,1,2,-2,1.2361793552106528
2,1,9,2,1,3,0,4,7,2,3,-2,1.1480962025669303
7,0,9,2,0,2,1,4,1,3,4,2,1.0450193074862704
6,1,9,2,1,2,0,4,5,3,4,-2,0.8562304634695115
6,0,9,1,0,1,0,2,5,3,3,3,0.5321428484090283
3,0,9,1,0,1,0,2,7,1,2,6,0.6491460165130688
4,0,9,2,1,2,1,3,4,4,4,-2,1.4210832594878975
5,0,9,2,0,2,0,3,1,3,4,-2,1.1406612980182742
6,1,9,1,0,5,0,4,1,2,2,3,0.6703117143058012
6,0,9,2,0,2,0,3,7,3,2,4,0.8064869654022502
2,1,9,-2,-2,1,0,1,7,-2,NA,8,0.5670802646673635
4,1,9,2,1,2,0,1,7,1,2,9,0.989878837749845
3,0,6,2,1,2,0,1,3,1,5,-2,0.8666934358344822
2,1,9,2,0,1,0,1,7,1,3,-2,0.8327150935816345
5,0,9,2,0,2,0,1,1,1,5,3,0.9089954975492885
2,1,5,2,0,1,0,1,7,1,3,3,0.8327150935816345
3,0,12,2,0,1,0,1,2,1,3,3,0.8666934358344822
6,1,9,1,0,1,1,1,0,3,6,1,0.4990482710980891
7,1,9,1,0,1,1,1,0,3,2,1,0.5323946530049959
6,1,9,1,0,4,0,1,7,2,2,-2,0.4990482710980891
1,1,7,3,0,1,0,1,1,9,NA,3,1.565081684215441
4,1,9,2,1,2,0,1,7,1,3,4,1.1680667641978002
3,0,7,2,1,2,0,1,1,1,4,3,1.0227067783850254
4,1,9,2,3,2,0,1,5,11,NA,4,1.1680667641978002
2,0,9,2,0,1,0,1,7,1,3,-2,1.12415079794679
7,1,9,1,0,2,0,1,0,3,6,1,0.5323946530049959
4,1,9,4,1,2,0,3,1,2,4,4,1.6549336574248121
3,0,12,2,2,2,0,2,7,1,3,4,1.122450835170672
5,0,9,2,0,2,0,4,6,2,4,-2,1.051634378828608
6,1,9,-2,0,-2,1,1,1,3,5,-2,0.48928282507028353
2,0,9,2,0,1,0,1,1,1,3,1,1.1021532586700615
6,0,9,1,0,-2,0,3,2,3,4,1,0.5597607988019954
6,0,9,2,0,2,1,2,8,3,4,-2,1.045814320625284
4,1,9,1,0,4,1,2,8,5,NA,2,0.9922780398102278
2,1,9,2,4,2,0,3,3,1,4,-2,1.0681043295269907
2,1,12,1,0,1,0,3,6,1,5,2,0.7456086481471947
6,1,9,2,0,2,0,3,7,3,1,-2,0.6038971688958049
7,0,9,2,0,2,1,4,0,3,6,-2,0.9557938641697824
3,0,5,2,1,2,0,1,7,1,4,4,1.1394725467127846
1,1,12,4,0,2,0,2,1,11,NA,-2,1.7437721644347064
3,0,2,3,3,2,0,1,7,1,2,6,1.470959091822622
5,0,9,2,0,2,0,2,7,-2,NA,-2,1.2990674549258288
1,1,9,-2,-2,1,0,2,4,2,4,-2,0.9999371887066135
2,1,9,2,3,3,0,3,1,11,NA,3,1.1909210942801287
5,1,9,3,0,3,1,4,7,3,3,3,1.6699237170805836
1,0,9,2,0,3,0,4,7,1,2,3,1.7219331921000185
4,0,5,2,2,2,0,1,1,1,4,3,1.042152595758593
3,1,5,1,3,1,0,1,1,1,3,-2,0.4747640874540573
2,0,9,4,0,1,0,1,4,1,4,3,1.1317289885860928
4,1,7,4,0,2,0,1,4,1,3,4,1.1759410036990237
2,1,12,2,2,2,0,1,1,11,NA,3,0.7663077224132411
3,1,12,1,2,2,0,1,1,2,5,2,0.4747640874540573
7,1,12,3,1,2,1,1,0,3,5,-2,0.7870520518857744
1,0,9,4,0,1,0,3,3,9,NA,-2,1.5325577541118713
3,0,9,2,1,3,0,3,3,1,4,3,0.8753635643776353
3,0,9,2,2,2,0,2,7,1,2,-2,0.8676018414337612
7,0,9,1,0,5,0,2,1,3,4,1,0.5167084039271247
2,1,9,2,1,2,0,3,1,11,NA,-2,0.9559183943388821
6,0,9,3,0,-2,0,3,1,3,4,-2,1.0528644248546168
6,0,9,3,0,5,0,3,1,1,4,-2,0.8335804970656142
7,1,12,2,0,2,1,2,1,3,5,-2,0.6793404943518652
6,0,9,2,0,2,0,3,1,3,5,2,2.4210170270171756
3,1,2,3,3,2,0,3,3,11,NA,2,3.3324698560336663
1,0,7,2,0,1,0,2,1,7,NA,-2,1.217760152676943
3,0,9,2,3,3,0,2,7,8,NA,2,0.8979044084394004
4,0,9,1,0,1,0,2,4,1,5,3,0.7989824543704023
3,1,2,2,3,2,0,2,7,11,NA,2,0.7848516840488777
3,0,1,2,2,2,0,2,8,1,4,-2,0.8892943283855798
3,1,9,1,2,1,1,3,0,5,NA,1,0.5344852088614515
2,0,9,2,2,3,0,3,4,1,4,-2,0.9869690692976736
4,1,9,4,0,2,0,3,1,11,NA,-2,1.1912965441072425
3,0,12,2,2,2,0,3,1,1,4,3,0.807991181320125
4,1,9,2,1,2,1,2,7,2,2,-2,0.916110496514971
3,0,3,3,2,2,0,1,7,1,5,4,1.1872461085568038
3,1,12,2,1,2,0,1,0,1,5,2,0.803899052306495
6,0,2,2,0,2,0,1,1,3,5,2,0.7539279770640683
2,0,6,4,0,1,0,1,7,2,3,2,1.3050110632892358
1,0,3,3,3,1,0,1,2,7,NA,3,1.6101725181793864
4,1,6,4,2,2,0,1,1,11,NA,4,1.3559924991582324
2,0,2,1,0,1,0,1,7,1,2,-2,0.7555822629651744
1,1,13,2,1,1,0,2,3,9,NA,3,1.0767772762937238
2,1,-3,4,0,1,-2,-2,1,4,3,-2,1.1265861142951341
6,0,9,1,0,1,1,1,1,3,2,-2,0.5070732100455805
5,0,9,1,0,1,1,1,1,3,4,1,0.6487555071210578
1,0,9,2,-2,1,0,3,1,1,3,-2,1.2318799627259165
5,0,9,2,0,1,0,3,1,4,6,-2,0.9526490983437743
4,0,9,2,-2,2,0,3,1,1,4,-2,1.1868498459398849
6,0,9,1,0,1,0,3,7,3,2,-2,0.5070732100455805
2,1,10,2,1,1,0,3,1,1,5,4,0.9007097931909597
5,1,11,1,0,5,0,3,7,3,2,-2,0.6397740408103815
6,0,7,2,0,5,1,6,0,3,4,1,0.8541930749537353
6,1,2,-2,0,-2,0,-3,8,11,NA,-2,0.508465667150654
4,1,9,2,1,1,0,6,1,11,NA,1,1.1901090153613678
6,1,9,2,0,2,1,3,1,3,5,3,0.7471883940119307
2,0,9,2,0,1,1,1,8,11,NA,-2,1.6315183547321632
4,0,9,2,2,2,0,6,7,1,2,-2,1.9394454420219853
6,1,9,3,0,2,0,4,1,3,3,-2,1.7468627288480039
3,1,9,2,0,-2,1,4,3,5,NA,-2,1.6507306552147856
2,0,9,1,0,1,0,3,1,1,5,2,0.6475564031049619
4,0,9,2,0,2,0,3,7,1,-2,-2,1.1303556473773744
6,1,9,1,0,5,0,3,1,3,6,2,0.4221312342878574
5,1,9,3,0,2,0,3,5,3,2,4,0.9295034979857902
6,0,9,2,0,2,0,1,1,5,NA,-2,0.8336702161634766
4,1,6,3,0,2,0,1,1,1,4,4,1.4994145253655062
2,0,12,3,0,3,0,1,1,1,5,3,1.4430408319170416
7,1,13,1,0,5,1,1,0,3,-2,2,0.5294086137439576
4,0,9,1,0,1,1,1,0,5,NA,2,0.9049312605947158
2,1,12,2,0,1,0,1,7,1,3,3,0.9771008292693698
3,0,12,2,0,1,0,1,1,1,3,2,1.016970727927813
2,1,7,1,0,1,0,1,7,1,3,-2,0.6654071736415016
2,1,9,1,2,1,1,2,1,11,NA,-2,0.7233010413232493
7,1,9,2,0,2,0,2,1,3,5,2,0.8456508675638267
7,0,9,1,0,5,0,3,1,3,4,3,0.658842649239786
6,0,9,1,0,4,0,3,4,3,5,1,0.6175762344211874
-2,1,9,1,0,-2,0,3,1,4,6,-2,0.9010769662090103
2,1,9,2,2,3,0,2,3,2,5,2,0.9650106178244628
4,1,9,2,2,2,0,2,1,2,5,2,1.1471433580958532
4,1,9,1,2,1,1,2,1,5,NA,1,0.7812063983641846
3,1,9,2,4,1,0,3,6,1,2,4,0.8779275003541958
7,1,9,1,0,5,0,2,1,3,6,1,0.596554182861575
2,1,7,1,2,1,0,3,4,1,3,3,0.7498016134167345
2,1,9,2,2,2,1,2,7,2,5,-2,1.1010277725856312
6,1,12,2,0,2,0,2,1,3,5,2,0.8211276353898054
5,1,9,2,0,2,0,6,7,-2,NA,3,0.9140702702149828
1,0,7,3,2,1,0,1,5,1,-2,-2,1.7456382618910855
4,0,9,3,2,-2,1,6,1,5,NA,1,1.6818282339844879
2,1,9,1,3,1,0,1,1,4,6,2,0.9822762479905336
6,1,9,2,0,2,0,1,3,3,5,3,1.0757167741165543
5,1,9,2,0,3,0,4,5,3,4,-2,0.9063418372347457
3,0,9,1,1,-2,0,4,7,1,2,4,0.6732655751545148
2,1,9,1,2,1,0,3,3,2,3,2,0.6604489363810737
2,1,9,2,3,3,0,3,3,2,4,3,0.9698200274824499
2,1,13,1,-2,1,0,3,1,11,NA,1,0.6149432559182499
5,1,9,1,2,1,0,3,1,2,3,-2,0.5867563915138084
1,0,9,3,0,1,0,2,3,1,3,-2,1.6454489045038245
2,1,9,1,2,4,0,2,3,2,3,-2,0.6149432559182499
1,0,9,2,1,-2,0,2,1,1,5,-2,1.2746403785964884
3,1,10,2,2,2,0,2,7,2,3,5,0.854094688352107
2,1,10,1,6,1,0,2,1,11,NA,2,0.6393336399469816
6,0,10,2,0,2,0,2,1,3,3,3,0.8010034080310955
3,1,10,2,4,2,0,2,5,2,3,5,0.854094688352107
2,0,10,2,6,2,0,2,5,1,5,-2,1.074043742005234
3,0,12,3,1,2,0,3,4,1,4,3,1.4408586374079435
7,0,9,1,0,5,1,1,0,3,6,1,0.6647367747047062
7,1,9,2,0,5,0,1,0,3,6,1,0.8532162131265213
2,0,6,2,0,2,0,1,7,1,4,-2,1.2268686926275545
3,1,9,2,3,1,-2,1,0,4,6,1,0.9756232383257835
7,1,9,2,0,2,0,4,5,3,3,3,0.7557406211767184
6,1,10,2,0,2,0,4,5,3,3,3,0.7084050304939823
3,1,10,1,2,3,0,4,1,1,2,4,0.5884965209053437
2,1,10,2,0,3,0,4,5,1,4,5,0.9498810893667902
6,1,9,4,0,4,0,4,7,3,2,3,0.9144887459589324
1,0,9,3,0,1,0,3,3,1,3,-2,1.7672118010729498
3,1,9,2,1,2,1,3,3,5,NA,-2,0.8823029060971241
2,0,9,1,0,1,0,3,7,1,3,-2,0.7555822629651744
5,1,9,1,0,1,0,3,1,3,3,2,0.6301762495328653
6,0,9,2,0,2,0,3,1,2,5,3,0.8274581780424116
3,1,9,2,1,2,0,3,1,1,3,4,0.8823029060971241
5,1,9,1,0,4,0,3,0,3,5,2,0.6301762495328653
6,1,9,1,0,1,0,2,1,3,5,-2,0.4586141369034263
4,0,9,1,0,1,0,2,1,1,5,-2,0.8363020385351807
2,1,9,3,0,1,0,2,5,1,5,-2,1.1656916215027315
2,1,12,2,1,2,0,2,1,11,NA,2,0.9029983281109795
5,1,10,4,0,2,0,2,1,1,5,-2,1.1563757468944083
5,1,10,3,0,2,0,2,1,1,5,5,1.1563757468944083
3,0,10,2,1,5,0,2,1,11,NA,2,0.9771214122135634
3,1,10,2,2,3,0,2,7,8,NA,-2,0.854094688352107
2,1,9,1,1,1,0,3,1,2,5,1,0.73030398699604
6,1,9,2,0,2,0,1,1,3,5,2,0.7997752675206791
2,1,9,2,5,3,0,1,1,2,5,1,1.0723969617090574
4,0,9,1,0,1,0,1,0,5,NA,1,0.9931887327769169
4,0,10,2,2,2,0,4,7,1,2,-2,1.291806168712695
6,0,10,1,0,5,0,4,1,3,1,-2,0.5519150572978272
